{
  "latitude": 52.36,
  "longitude": 4.82,
  "generationtime_ms": 0.18203258514404297,
  "utc_offset_seconds": 0,
  "timezone": "GMT",
  "timezone_abbreviation": "GMT",
  "elevation": 1.0,
  "daily_units": {
    "time": "iso8601",
    "weather_code": "wmo code",
    "temperature_2m_max": "°C",
    "temperature_2m_min": "°C",
    "apparent_temperature_max": "°C",
    "apparent_temperature_min": "°C",
    "sunrise": "iso8601",
    "sunset": "iso8601",
    "precipitation_hours": "h",
    "precipitation_probability_max": "%",
    "wind_speed_10m_max": "km/h",
    "wind_gusts_10m_max": "km/h",
    "wind_direction_10m_dominant": "°"
  },
  "daily": {
    "time": [
      "Today",
      "Today+1",
      "Today+2",
      "Today+3",
      "Today+4",
      "Today+5",
      "Today+6"
    ],
    "weather_code": [
      3,
      1,
      3,
      3,
      80,
      61,
      61
    ],
    "temperature_2m_max": [
      8.7,
      9.6,
      11.4,
      7.9,
      7.8,
      8.1,
      10.0
    ],
    "temperature_2m_min": [
      3.3,
      0.9,
      2.6,
      3.4,
      5.7,
      5.5,
      4.5
    ],
    "apparent_temperature_max": [
      4.5,
      4.7,
      7.9,
      3.9,
      5.8,
      4.9,
      6.8
    ],
    "apparent_temperature_min": [
      -0.7,
      -3.2,
      -1.1,
      -0.5,
      3.2,
      3.6,
      1.8
    ],
    "sunrise": [
      "TodayT06:11",
      "Today+1T06:09",
      "Today+2T06:07",
      "Today+3T06:05",
      "Today+4T06:02",
      "Today+5T06:00",
      "Today+6T05:58"
    ],
    "sunset": [
      "TodayT17:31",
      "Today+1T17:32",
      "Today+2T17:34",
      "Today+3T17:36",
      "Today+4T17:38",
      "Today+5T17:40",
      "Today+6T17:41"
    ],
    "precipitation_hours": [
      0.0,
      0.0,
      0.0,
      0.0,
      18.0,
      0.0,
      11.0
    ],
    "precipitation_probability_max": [
      0,
      0,
      3,
      4,
      19,
      16,
      23
    ],
    "wind_speed_10m_max": [
      18.8,
      20.5,
      14.4,
      19.1,
      10.8,
      14.8,
      20.2
    ],
    "wind_gusts_10m_max": [
      39.2,
      42.5,
      29.5,
      39.2,
      27.4,
      31.7,
      44.6
    ],
    "wind_direction_10m_dominant": [
      78,
      88,
      95,
      56,
      35,
      291,
      192
    ]
  }
}
