{
  "latitude": 52.36,
  "longitude": 4.82,
  "generationtime_ms": 0.24902820587158203,
  "utc_offset_seconds": 0,
  "timezone": "GMT",
  "timezone_abbreviation": "GMT",
  "elevation": 1.0,
  "hourly_units": {
    "time": "iso8601",
    "temperature_2m": "°C",
    "relative_humidity_2m": "%",
    "apparent_temperature": "°C",
    "precipitation_probability": "%",
    "precipitation": "mm",
    "weather_code": "wmo code",
    "wind_speed_10m": "km/h",
    "wind_gusts_10m": "km/h"
  },
  "hourly": {
    "time": [
      "TodayT00:00",
      "TodayT01:00",
      "TodayT02:00",
      "TodayT03:00",
      "TodayT04:00",
      "TodayT05:00",
      "TodayT06:00",
      "TodayT07:00",
      "TodayT08:00",
      "TodayT09:00",
      "TodayT10:00",
      "TodayT11:00",
      "TodayT12:00",
      "TodayT13:00",
      "TodayT14:00",
      "TodayT15:00",
      "TodayT16:00",
      "TodayT17:00",
      "TodayT18:00",
      "TodayT19:00",
      "TodayT20:00",
      "TodayT21:00",
      "TodayT22:00",
      "TodayT23:00",
      "Today+1T00:00",
      "Today+1T01:00",
      "Today+1T02:00",
      "Today+1T03:00",
      "Today+1T04:00",
      "Today+1T05:00",
      "Today+1T06:00",
      "Today+1T07:00",
      "Today+1T08:00",
      "Today+1T09:00",
      "Today+1T10:00",
      "Today+1T11:00",
      "Today+1T12:00",
      "Today+1T13:00",
      "Today+1T14:00",
      "Today+1T15:00",
      "Today+1T16:00",
      "Today+1T17:00",
      "Today+1T18:00",
      "Today+1T19:00",
      "Today+1T20:00",
      "Today+1T21:00",
      "Today+1T22:00",
      "Today+1T23:00",
      "Today+2T00:00",
      "Today+2T01:00",
      "Today+2T02:00",
      "Today+2T03:00",
      "Today+2T04:00",
      "Today+2T05:00",
      "Today+2T06:00",
      "Today+2T07:00",
      "Today+2T08:00",
      "Today+2T09:00",
      "Today+2T10:00",
      "Today+2T11:00",
      "Today+2T12:00",
      "Today+2T13:00",
      "Today+2T14:00",
      "Today+2T15:00",
      "Today+2T16:00",
      "Today+2T17:00",
      "Today+2T18:00",
      "Today+2T19:00",
      "Today+2T20:00",
      "Today+2T21:00",
      "Today+2T22:00",
      "Today+2T23:00",
      "Today+3T00:00",
      "Today+3T01:00",
      "Today+3T02:00",
      "Today+3T03:00",
      "Today+3T04:00",
      "Today+3T05:00",
      "Today+3T06:00",
      "Today+3T07:00",
      "Today+3T08:00",
      "Today+3T09:00",
      "Today+3T10:00",
      "Today+3T11:00",
      "Today+3T12:00",
      "Today+3T13:00",
      "Today+3T14:00",
      "Today+3T15:00",
      "Today+3T16:00",
      "Today+3T17:00",
      "Today+3T18:00",
      "Today+3T19:00",
      "Today+3T20:00",
      "Today+3T21:00",
      "Today+3T22:00",
      "Today+3T23:00",
      "Today+4T00:00",
      "Today+4T01:00",
      "Today+4T02:00",
      "Today+4T03:00",
      "Today+4T04:00",
      "Today+4T05:00",
      "Today+4T06:00",
      "Today+4T07:00",
      "Today+4T08:00",
      "Today+4T09:00",
      "Today+4T10:00",
      "Today+4T11:00",
      "Today+4T12:00",
      "Today+4T13:00",
      "Today+4T14:00",
      "Today+4T15:00",
      "Today+4T16:00",
      "Today+4T17:00",
      "Today+4T18:00",
      "Today+4T19:00",
      "Today+4T20:00",
      "Today+4T21:00",
      "Today+4T22:00",
      "Today+4T23:00",
      "Today+5T00:00",
      "Today+5T01:00",
      "Today+5T02:00",
      "Today+5T03:00",
      "Today+5T04:00",
      "Today+5T05:00",
      "Today+5T06:00",
      "Today+5T07:00",
      "Today+5T08:00",
      "Today+5T09:00",
      "Today+5T10:00",
      "Today+5T11:00",
      "Today+5T12:00",
      "Today+5T13:00",
      "Today+5T14:00",
      "Today+5T15:00",
      "Today+5T16:00",
      "Today+5T17:00",
      "Today+5T18:00",
      "Today+5T19:00",
      "Today+5T20:00",
      "Today+5T21:00",
      "Today+5T22:00",
      "Today+5T23:00",
      "Today+6T00:00",
      "Today+6T01:00",
      "Today+6T02:00",
      "Today+6T03:00",
      "Today+6T04:00",
      "Today+6T05:00",
      "Today+6T06:00",
      "Today+6T07:00",
      "Today+6T08:00",
      "Today+6T09:00",
      "Today+6T10:00",
      "Today+6T11:00",
      "Today+6T12:00",
      "Today+6T13:00",
      "Today+6T14:00",
      "Today+6T15:00",
      "Today+6T16:00",
      "Today+6T17:00",
      "Today+6T18:00",
      "Today+6T19:00",
      "Today+6T20:00",
      "Today+6T21:00",
      "Today+6T22:00",
      "Today+6T23:00"
    ],
    "temperature_2m": [
      4.8,
      4.4,
      4.2,
      4.0,
      3.8,
      3.6,
      3.4,
      3.3,
      3.9,
      5.2,
      6.3,
      7.3,
      8.2,
      8.7,
      8.3,
      7.7,
      7.3,
      6.6,
      6.2,
      5.5,
      4.9,
      4.2,
      3.7,
      3.3,
      3.1,
      2.7,
      2.3,
      1.9,
      1.4,
      1.1,
      0.9,
      1.0,
      1.9,
      3.2,
      4.9,
      6.6,
      8.1,
      9.0,
      9.6,
      9.6,
      9.2,
      8.1,
      6.8,
      5.9,
      5.3,
      4.9,
      4.6,
      4.2,
      3.9,
      3.7,
      3.3,
      3.0,
      2.7,
      2.6,
      2.7,
      3.1,
      3.8,
      5.1,
      6.6,
      8.2,
      9.7,
      10.7,
      11.3,
      11.4,
      10.9,
      9.8,
      8.4,
      7.4,
      6.6,
      5.9,
      5.4,
      4.9,
      4.5,
      4.2,
      4.0,
      3.7,
      3.5,
      3.4,
      3.5,
      3.6,
      3.9,
      4.6,
      5.2,
      6.0,
      6.8,
      7.3,
      7.7,
      7.9,
      7.7,
      7.4,
      7.1,
      6.8,
      6.5,
      6.3,
      6.1,
      6.0,
      5.9,
      5.8,
      5.7,
      5.7,
      5.7,
      5.7,
      5.8,
      6.1,
      6.5,
      6.9,
      7.1,
      7.4,
      7.5,
      7.7,
      7.8,
      7.8,
      7.7,
      7.5,
      7.3,
      7.1,
      7.0,
      6.8,
      6.6,
      6.5,
      6.3,
      6.3,
      6.2,
      6.2,
      6.2,
      6.2,
      6.2,
      6.8,
      7.1,
      7.3,
      7.6,
      7.9,
      8.1,
      8.1,
      8.1,
      8.0,
      7.7,
      7.3,
      6.9,
      6.6,
      6.3,
      6.0,
      5.8,
      5.5,
      5.3,
      5.2,
      5.2,
      5.1,
      4.8,
      4.5,
      4.5,
      5.1,
      6.0,
      6.9,
      7.7,
      8.5,
      8.9,
      8.9,
      8.7,
      8.5,
      8.6,
      8.8,
      9.0,
      9.3,
      9.8,
      10.0,
      9.8,
      9.4
    ],
    "relative_humidity_2m": [
      94,
      95,
      95,
      95,
      95,
      94,
      94,
      93,
      85,
      79,
      71,
      67,
      65,
      60,
      68,
      73,
      73,
      76,
      77,
      79,
      82,
      85,
      87,
      87,
      86,
      86,
      87,
      87,
      89,
      89,
      89,
      87,
      82,
      75,
      68,
      63,
      58,
      57,
      55,
      55,
      58,
      66,
      72,
      76,
      79,
      81,
      83,
      85,
      87,
      87,
      88,
      90,
      91,
      90,
      88,
      85,
      80,
      74,
      67,
      62,
      59,
      59,
      60,
      61,
      62,
      67,
      75,
      79,
      83,
      86,
      86,
      87,
      88,
      88,
      89,
      91,
      92,
      94,
      94,
      95,
      91,
      90,
      85,
      83,
      79,
      77,
      77,
      77,
      79,
      81,
      84,
      86,
      89,
      91,
      92,
      93,
      94,
      94,
      95,
      95,
      96,
      96,
      96,
      95,
      93,
      91,
      90,
      90,
      90,
      90,
      90,
      90,
      91,
      91,
      92,
      93,
      94,
      94,
      94,
      93,
      93,
      93,
      92,
      92,
      93,
      93,
      94,
      89,
      88,
      86,
      84,
      82,
      80,
      79,
      78,
      78,
      80,
      82,
      84,
      85,
      86,
      87,
      88,
      89,
      90,
      92,
      95,
      97,
      98,
      98,
      97,
      95,
      91,
      88,
      85,
      83,
      82,
      83,
      86,
      88,
      90,
      92,
      93,
      94,
      94,
      93,
      91,
      89
    ],
    "apparent_temperature": [
      2.4,
      1.8,
      1.6,
      1.3,
      1.3,
      0.7,
      0.4,
      0.1,
      0.3,
      1.5,
      2.3,
      3.3,
      4.0,
      4.5,
      3.9,
      3.4,
      3.1,
      2.6,
      2.1,
      1.5,
      0.5,
      0.1,
      -0.4,
      -0.7,
      -0.9,
      -1.2,
      -1.5,
      -2.1,
      -2.7,
      -2.8,
      -3.2,
      -3.2,
      -2.4,
      -1.3,
      0.2,
      1.9,
      3.3,
      4.1,
      4.6,
      4.7,
      4.5,
      3.7,
      2.5,
      1.5,
      1.1,
      0.9,
      0.6,
      0.4,
      0.2,
      0.1,
      -0.3,
      -0.6,
      -0.8,
      -1.1,
      -1.0,
      -0.8,
      -0.0,
      1.2,
      2.8,
      4.5,
      6.1,
      7.1,
      7.7,
      7.9,
      7.4,
      6.5,
      5.5,
      4.3,
      3.5,
      2.9,
      2.3,
      1.7,
      1.1,
      0.7,
      0.6,
      0.2,
      -0.0,
      -0.2,
      -0.3,
      -0.5,
      -0.5,
      0.2,
      0.8,
      1.7,
      2.5,
      3.1,
      3.6,
      3.9,
      3.9,
      3.7,
      3.6,
      3.5,
      3.6,
      3.6,
      3.6,
      3.6,
      3.5,
      3.4,
      3.3,
      3.2,
      3.2,
      3.2,
      3.3,
      3.6,
      3.9,
      4.2,
      4.5,
      4.9,
      5.2,
      5.5,
      5.8,
      5.8,
      5.6,
      5.2,
      5.0,
      4.9,
      4.9,
      4.9,
      4.6,
      4.4,
      4.2,
      4.2,
      4.1,
      4.2,
      4.3,
      4.3,
      4.4,
      4.5,
      4.7,
      4.8,
      4.8,
      4.9,
      4.8,
      4.8,
      4.6,
      4.5,
      4.4,
      4.3,
      4.3,
      4.2,
      4.1,
      4.0,
      3.9,
      3.6,
      3.3,
      3.2,
      3.2,
      3.0,
      2.5,
      2.0,
      1.8,
      2.2,
      2.8,
      3.5,
      4.1,
      4.7,
      5.0,
      5.1,
      4.9,
      4.7,
      5.0,
      5.6,
      6.1,
      6.5,
      6.8,
      6.8,
      6.5,
      6.1
    ],
    "precipitation_probability": [
      0,
      0,
      0,
      0,
      0,
      0,
      0,
      0,
      0,
      0,
      0,
      0,
      0,
      0,
      0,
      0,
      0,
      0,
      0,
      0,
      0,
      0,
      0,
      0,
      0,
      0,
      0,
      0,
      0,
      0,
      0,
      0,
      0,
      0,
      0,
      0,
      0,
      0,
      0,
      0,
      0,
      0,
      0,
      0,
      0,
      0,
      0,
      0,
      0,
      0,
      0,
      0,
      0,
      0,
      0,
      0,
      0,
      0,
      0,
      0,
      0,
      0,
      0,
      0,
      0,
      0,
      0,
      1,
      2,
      3,
      2,
      1,
      0,
      0,
      0,
      0,
      0,
      0,
      0,
      0,
      0,
      0,
      0,
      0,
      0,
      0,
      0,
      0,
      0,
      0,
      0,
      0,
      0,
      0,
      2,
      4,
      6,
      7,
      9,
      10,
      10,
      10,
      10,
      10,
      10,
      10,
      10,
      10,
      10,
      13,
      16,
      19,
      13,
      6,
      0,
      0,
      0,
      0,
      1,
      2,
      3,
      5,
      8,
      10,
      9,
      7,
      6,
      8,
      11,
      13,
      14,
      15,
      16,
      14,
      12,
      10,
      10,
      10,
      10,
      8,
      5,
      3,
      3,
      3,
      3,
      3,
      3,
      3,
      4,
      5,
      6,
      9,
      13,
      16,
      18,
      21,
      23,
      21,
      18,
      16,
      17,
      18,
      19,
      20,
      22,
      23,
      23,
      23
    ],
    "precipitation": [
      0.00,
      0.00,
      0.00,
      0.00,
      0.00,
      0.00,
      0.00,
      0.00,
      0.00,
      0.00,
      0.00,
      0.00,
      0.00,
      0.00,
      0.00,
      0.00,
      0.00,
      0.00,
      0.00,
      0.00,
      0.00,
      0.00,
      0.00,
      0.00,
      0.00,
      0.00,
      0.00,
      0.00,
      0.00,
      0.00,
      0.00,
      0.00,
      0.00,
      0.00,
      0.00,
      0.00,
      0.00,
      0.00,
      0.00,
      0.00,
      0.00,
      0.00,
      0.00,
      0.00,
      0.00,
      0.00,
      0.00,
      0.00,
      0.00,
      0.00,
      0.00,
      0.00,
      0.00,
      0.00,
      0.00,
      0.00,
      0.00,
      0.00,
      0.00,
      0.00,
      0.00,
      0.00,
      0.00,
      0.00,
      0.00,
      0.00,
      0.00,
      0.00,
      0.00,
      0.00,
      0.00,
      0.00,
      0.00,
      0.00,
      0.00,
      0.00,
      0.00,
      0.00,
      0.00,
      0.00,
      0.00,
      0.00,
      0.00,
      0.00,
      0.00,
      0.00,
      0.00,
      0.00,
      0.00,
      0.00,
      0.00,
      0.00,
      0.00,
      0.00,
      0.00,
      0.00,
      0.00,
      0.20,
      0.20,
      0.20,
      0.00,
      0.00,
      0.00,
      0.10,
      0.10,
      0.10,
      0.20,
      0.20,
      0.20,
      0.30,
      0.30,
      0.30,
      0.20,
      0.20,
      0.20,
      0.10,
      0.10,
      0.10,
      0.00,
      0.00,
      0.00,
      0.00,
      0.00,
      0.00,
      0.00,
      0.00,
      0.00,
      0.00,
      0.00,
      0.00,
      0.00,
      0.00,
      0.00,
      0.00,
      0.00,
      0.00,
      0.00,
      0.00,
      0.00,
      0.00,
      0.00,
      0.00,
      0.00,
      0.00,
      0.00,
      0.00,
      0.00,
      0.00,
      0.00,
      0.00,
      0.00,
      0.00,
      0.00,
      0.00,
      0.20,
      0.20,
      0.20,
      0.90,
      0.90,
      0.90,
      0.00,
      0.00,
      0.00,
      1.30,
      1.30,
      1.30,
      0.10,
      0.10
    ],
    "weather_code": [
      1,
      1,
      1,
      1,
      1,
      1,
      1,
      0,
      0,
      1,
      1,
      1,
      3,
      2,
      2,
      3,
      3,
      3,
      1,
      1,
      1,
      1,
      1,
      1,
      0,
      0,
      0,
      0,
      1,
      0,
      0,
      0,
      0,
      0,
      0,
      0,
      0,
      1,
      1,
      1,
      1,
      1,
      0,
      0,
      0,
      0,
      0,
      0,
      0,
      0,
      0,
      0,
      1,
      3,
      3,
      3,
      3,
      3,
      3,
      3,
      3,
      3,
      3,
      1,
      0,
      0,
      2,
      0,
      0,
      1,
      1,
      0,
      2,
      1,
      2,
      3,
      3,
      3,
      2,
      3,
      3,
      3,
      3,
      3,
      3,
      3,
      3,
      3,
      3,
      3,
      3,
      3,
      3,
      3,
      3,
      3,
      3,
      3,
      3,
      3,
      51,
      51,
      51,
      3,
      3,
      3,
      80,
      80,
      80,
      80,
      80,
      80,
      3,
      3,
      3,
      61,
      61,
      61,
      3,
      3,
      3,
      3,
      3,
      3,
      61,
      61,
      61,
      3,
      3,
      3,
      3,
      3,
      3,
      3,
      3,
      3,
      3,
      3,
      3,
      3,
      3,
      3,
      3,
      3,
      3,
      3,
      3,
      3,
      3,
      3,
      3,
      3,
      3,
      3,
      61,
      61,
      61,
      61,
      61,
      61,
      3,
      3,
      3,
      61,
      61,
      61,
      3,
      3
    ],
    "wind_speed_10m": [
      6.8,
      7.2,
      7.4,
      7.7,
      6.8,
      8.2,
      9.2,
      10.3,
      12.3,
      13.1,
      14.8,
      14.6,
      16.9,
      16.2,
      18.6,
      18.8,
      18.1,
      16.2,
      16.2,
      15.1,
      17.6,
      16.0,
      15.5,
      14.8,
      13.7,
      12.6,
      12.0,
      13.0,
      13.7,
      12.2,
      12.6,
      13.0,
      14.0,
      15.5,
      16.9,
      17.7,
      18.7,
      19.9,
      20.5,
      20.2,
      19.8,
      18.1,
      17.1,
      18.1,
      16.9,
      15.5,
      14.8,
      14.1,
      13.5,
      12.2,
      11.8,
      12.0,
      11.3,
      12.6,
      11.9,
      12.7,
      12.7,
      12.8,
      12.6,
      12.8,
      12.4,
      13.4,
      14.1,
      14.4,
      14.1,
      12.6,
      10.8,
      11.5,
      10.8,
      10.1,
      10.0,
      10.3,
      11.3,
      12.2,
      11.1,
      12.1,
      11.8,
      13.2,
      14.2,
      16.6,
      18.4,
      19.1,
      18.8,
      18.5,
      18.9,
      18.5,
      17.9,
      17.3,
      16.8,
      16.0,
      14.8,
      13.2,
      11.2,
      9.7,
      9.0,
      8.5,
      8.6,
      8.4,
      8.6,
      8.4,
      8.7,
      8.8,
      9.2,
      9.7,
      10.5,
      10.8,
      10.5,
      9.7,
      8.9,
      8.0,
      7.2,
      7.1,
      7.7,
      8.7,
      9.1,
      8.7,
      7.2,
      6.5,
      6.6,
      6.6,
      6.8,
      6.4,
      5.9,
      5.4,
      4.8,
      4.8,
      4.7,
      7.8,
      8.4,
      9.2,
      10.7,
      12.2,
      13.7,
      14.2,
      14.8,
      14.4,
      13.0,
      10.9,
      8.9,
      7.1,
      5.5,
      4.1,
      3.3,
      3.4,
      3.9,
      4.5,
      5.0,
      5.9,
      7.1,
      7.9,
      9.3,
      11.1,
      13.3,
      15.0,
      16.9,
      18.9,
      19.9,
      19.8,
      20.1,
      20.2,
      19.3,
      17.5,
      16.2,
      16.6,
      18.4,
      19.6,
      19.7,
      19.0
    ],
    "wind_gusts_10m": [
      13.7,
      14.4,
      14.8,
      14.8,
      15.1,
      16.2,
      18.0,
      20.2,
      25.6,
      28.1,
      31.3,
      31.3,
      35.6,
      35.6,
      38.2,
      39.2,
      39.2,
      38.9,
      33.8,
      33.1,
      35.6,
      35.6,
      32.4,
      31.3,
      29.9,
      27.4,
      25.2,
      25.9,
      27.7,
      27.7,
      25.6,
      25.9,
      28.8,
      32.4,
      34.9,
      37.1,
      39.2,
      41.4,
      42.5,
      42.5,
      41.8,
      40.7,
      37.1,
      36.7,
      36.7,
      34.2,
      31.3,
      29.9,
      28.4,
      27.0,
      24.8,
      24.1,
      23.8,
      24.8,
      24.8,
      25.2,
      27.0,
      27.7,
      28.1,
      27.7,
      28.1,
      28.1,
      29.2,
      29.5,
      29.5,
      28.4,
      25.2,
      23.0,
      23.0,
      20.9,
      20.2,
      20.2,
      22.0,
      23.8,
      23.8,
      24.8,
      23.8,
      26.3,
      28.4,
      33.5,
      38.9,
      38.5,
      39.2,
      38.2,
      38.9,
      38.5,
      38.2,
      37.8,
      36.0,
      33.8,
      32.0,
      29.2,
      26.3,
      23.4,
      21.2,
      19.1,
      16.9,
      18.4,
      19.4,
      20.9,
      20.5,
      20.2,
      19.8,
      22.3,
      24.8,
      27.4,
      24.5,
      22.0,
      19.1,
      18.4,
      17.6,
      16.9,
      17.3,
      17.3,
      17.6,
      16.2,
      14.4,
      13.0,
      13.3,
      13.3,
      13.7,
      12.6,
      11.5,
      10.4,
      10.4,
      10.1,
      10.1,
      16.6,
      18.4,
      19.8,
      23.0,
      26.3,
      29.5,
      30.2,
      31.0,
      31.7,
      28.8,
      26.3,
      23.4,
      19.1,
      15.1,
      10.8,
      9.7,
      8.3,
      7.2,
      8.6,
      10.4,
      11.9,
      14.4,
      16.6,
      19.1,
      24.5,
      29.9,
      35.3,
      37.4,
      39.2,
      41.4,
      42.5,
      43.6,
      44.6,
      42.1,
      39.6,
      37.1,
      38.5,
      39.6,
      41.0,
      41.0,
      40.7
    ]
  }
}
