{
  "latitude": 52.5,
  "longitude": 13.259998,
  "generationtime_ms": 0.27298927307128906,
  "utc_offset_seconds": 0,
  "timezone": "GMT",
  "timezone_abbreviation": "GMT",
  "elevation": 62.0,
  "hourly_units": {
    "time": "iso8601",
    "temperature_2m": "°C",
    "relative_humidity_2m": "%",
    "apparent_temperature": "°C",
    "precipitation_probability": "%",
    "precipitation": "mm",
    "weather_code": "wmo code",
    "wind_speed_10m": "km/h",
    "wind_gusts_10m": "km/h"
  },
  "hourly": {
    "time": [
      "TodayT00:00",
      "TodayT01:00",
      "TodayT02:00",
      "TodayT03:00",
      "TodayT04:00",
      "TodayT05:00",
      "TodayT06:00",
      "TodayT07:00",
      "TodayT08:00",
      "TodayT09:00",
      "TodayT10:00",
      "TodayT11:00",
      "TodayT12:00",
      "TodayT13:00",
      "TodayT14:00",
      "TodayT15:00",
      "TodayT16:00",
      "TodayT17:00",
      "TodayT18:00",
      "TodayT19:00",
      "TodayT20:00",
      "TodayT21:00",
      "TodayT22:00",
      "TodayT23:00",
      "Today+1T00:00",
      "Today+1T01:00",
      "Today+1T02:00",
      "Today+1T03:00",
      "Today+1T04:00",
      "Today+1T05:00",
      "Today+1T06:00",
      "Today+1T07:00",
      "Today+1T08:00",
      "Today+1T09:00",
      "Today+1T10:00",
      "Today+1T11:00",
      "Today+1T12:00",
      "Today+1T13:00",
      "Today+1T14:00",
      "Today+1T15:00",
      "Today+1T16:00",
      "Today+1T17:00",
      "Today+1T18:00",
      "Today+1T19:00",
      "Today+1T20:00",
      "Today+1T21:00",
      "Today+1T22:00",
      "Today+1T23:00",
      "Today+2T00:00",
      "Today+2T01:00",
      "Today+2T02:00",
      "Today+2T03:00",
      "Today+2T04:00",
      "Today+2T05:00",
      "Today+2T06:00",
      "Today+2T07:00",
      "Today+2T08:00",
      "Today+2T09:00",
      "Today+2T10:00",
      "Today+2T11:00",
      "Today+2T12:00",
      "Today+2T13:00",
      "Today+2T14:00",
      "Today+2T15:00",
      "Today+2T16:00",
      "Today+2T17:00",
      "Today+2T18:00",
      "Today+2T19:00",
      "Today+2T20:00",
      "Today+2T21:00",
      "Today+2T22:00",
      "Today+2T23:00",
      "Today+3T00:00",
      "Today+3T01:00",
      "Today+3T02:00",
      "Today+3T03:00",
      "Today+3T04:00",
      "Today+3T05:00",
      "Today+3T06:00",
      "Today+3T07:00",
      "Today+3T08:00",
      "Today+3T09:00",
      "Today+3T10:00",
      "Today+3T11:00",
      "Today+3T12:00",
      "Today+3T13:00",
      "Today+3T14:00",
      "Today+3T15:00",
      "Today+3T16:00",
      "Today+3T17:00",
      "Today+3T18:00",
      "Today+3T19:00",
      "Today+3T20:00",
      "Today+3T21:00",
      "Today+3T22:00",
      "Today+3T23:00",
      "Today+4T00:00",
      "Today+4T01:00",
      "Today+4T02:00",
      "Today+4T03:00",
      "Today+4T04:00",
      "Today+4T05:00",
      "Today+4T06:00",
      "Today+4T07:00",
      "Today+4T08:00",
      "Today+4T09:00",
      "Today+4T10:00",
      "Today+4T11:00",
      "Today+4T12:00",
      "Today+4T13:00",
      "Today+4T14:00",
      "Today+4T15:00",
      "Today+4T16:00",
      "Today+4T17:00",
      "Today+4T18:00",
      "Today+4T19:00",
      "Today+4T20:00",
      "Today+4T21:00",
      "Today+4T22:00",
      "Today+4T23:00",
      "Today+5T00:00",
      "Today+5T01:00",
      "Today+5T02:00",
      "Today+5T03:00",
      "Today+5T04:00",
      "Today+5T05:00",
      "Today+5T06:00",
      "Today+5T07:00",
      "Today+5T08:00",
      "Today+5T09:00",
      "Today+5T10:00",
      "Today+5T11:00",
      "Today+5T12:00",
      "Today+5T13:00",
      "Today+5T14:00",
      "Today+5T15:00",
      "Today+5T16:00",
      "Today+5T17:00",
      "Today+5T18:00",
      "Today+5T19:00",
      "Today+5T20:00",
      "Today+5T21:00",
      "Today+5T22:00",
      "Today+5T23:00",
      "Today+6T00:00",
      "Today+6T01:00",
      "Today+6T02:00",
      "Today+6T03:00",
      "Today+6T04:00",
      "Today+6T05:00",
      "Today+6T06:00",
      "Today+6T07:00",
      "Today+6T08:00",
      "Today+6T09:00",
      "Today+6T10:00",
      "Today+6T11:00",
      "Today+6T12:00",
      "Today+6T13:00",
      "Today+6T14:00",
      "Today+6T15:00",
      "Today+6T16:00",
      "Today+6T17:00",
      "Today+6T18:00",
      "Today+6T19:00",
      "Today+6T20:00",
      "Today+6T21:00",
      "Today+6T22:00",
      "Today+6T23:00"
    ],
    "temperature_2m": [
      5.5,
      5.3,
      5.2,
      4.9,
      4.4,
      3.6,
      2.4,
      2.2,
      2.9,
      4.5,
      5.7,
      6.4,
      6.9,
      7.2,
      7.2,
      6.9,
      6.3,
      5.3,
      4.4,
      3.4,
      2.6,
      1.8,
      1.3,
      0.7,
      0.4,
      0.2,
      0.0,
      -0.1,
      -0.3,
      -0.7,
      -0.9,
      -0.5,
      0.6,
      2.2,
      3.9,
      5.6,
      6.5,
      7.1,
      7.4,
      7.2,
      6.5,
      5.4,
      4.3,
      3.4,
      2.7,
      2.1,
      1.6,
      1.2,
      0.8,
      0.5,
      0.3,
      0.2,
      0.1,
      -0.0,
      -0.1,
      0.4,
      1.8,
      3.8,
      6.5,
      8.5,
      9.8,
      10.5,
      10.5,
      9.8,
      9.0,
      7.9,
      7.4,
      6.7,
      6.2,
      5.8,
      5.4,
      5.0,
      4.6,
      4.2,
      3.9,
      3.7,
      3.5,
      3.3,
      3.2,
      3.9,
      5.4,
      7.5,
      9.7,
      11.4,
      12.5,
      13.1,
      13.3,
      13.0,
      12.3,
      11.3,
      10.2,
      9.1,
      8.0,
      7.1,
      6.5,
      6.1,
      5.9,
      5.8,
      5.8,
      5.9,
      6.0,
      6.2,
      6.4,
      6.7,
      7.0,
      7.3,
      7.5,
      7.7,
      7.8,
      7.9,
      7.9,
      7.9,
      7.7,
      7.5,
      7.2,
      7.0,
      6.8,
      6.6,
      6.3,
      6.1,
      6.0,
      6.1,
      6.3,
      6.4,
      6.5,
      6.5,
      6.5,
      6.7,
      7.3,
      7.9,
      8.5,
      9.1,
      9.5,
      9.7,
      9.7,
      9.6,
      9.1,
      8.4,
      7.8,
      7.5,
      7.3,
      7.1,
      6.8,
      6.5,
      6.3,
      6.2,
      6.1,
      6.0,
      5.7,
      5.5,
      5.5,
      6.0,
      6.8,
      7.6,
      8.4,
      9.3,
      10.0,
      10.7,
      11.2,
      11.4,
      10.9,
      10.1,
      9.3,
      8.6,
      7.8,
      7.3,
      6.9,
      6.6
    ],
    "relative_humidity_2m": [
      93,
      93,
      93,
      91,
      87,
      85,
      94,
      88,
      75,
      63,
      55,
      50,
      50,
      47,
      49,
      51,
      55,
      60,
      66,
      73,
      77,
      81,
      83,
      85,
      86,
      86,
      86,
      85,
      86,
      87,
      87,
      83,
      76,
      69,
      62,
      55,
      53,
      52,
      51,
      52,
      55,
      60,
      66,
      72,
      75,
      77,
      79,
      80,
      81,
      83,
      85,
      87,
      88,
      90,
      91,
      89,
      82,
      75,
      64,
      58,
      55,
      56,
      55,
      61,
      68,
      79,
      80,
      81,
      82,
      83,
      85,
      86,
      89,
      91,
      92,
      92,
      93,
      93,
      93,
      90,
      83,
      75,
      68,
      63,
      59,
      57,
      57,
      59,
      64,
      70,
      76,
      80,
      83,
      85,
      87,
      89,
      91,
      93,
      94,
      95,
      95,
      95,
      94,
      93,
      91,
      90,
      90,
      90,
      91,
      92,
      92,
      93,
      94,
      95,
      96,
      95,
      94,
      93,
      92,
      92,
      92,
      92,
      93,
      93,
      93,
      92,
      92,
      89,
      86,
      82,
      79,
      75,
      73,
      71,
      71,
      71,
      73,
      75,
      78,
      80,
      82,
      83,
      84,
      85,
      86,
      87,
      87,
      88,
      91,
      94,
      94,
      90,
      84,
      77,
      70,
      64,
      58,
      53,
      50,
      49,
      52,
      58,
      63,
      67,
      71,
      74,
      76,
      77
    ],
    "apparent_temperature": [
      2.7,
      2.8,
      2.6,
      2.2,
      1.3,
      0.4,
      -0.6,
      -1.0,
      -1.0,
      0.5,
      1.2,
      1.8,
      2.2,
      2.4,
      2.7,
      2.5,
      2.1,
      1.4,
      1.0,
      0.1,
      -0.7,
      -1.4,
      -1.9,
      -2.6,
      -2.9,
      -3.1,
      -3.4,
      -3.6,
      -3.9,
      -4.3,
      -4.5,
      -4.4,
      -3.4,
      -1.9,
      -0.2,
      1.2,
      2.2,
      2.8,
      3.0,
      2.7,
      2.0,
      1.0,
      0.2,
      -0.7,
      -1.4,
      -2.0,
      -2.4,
      -2.8,
      -3.2,
      -3.5,
      -3.5,
      -3.7,
      -3.8,
      -3.9,
      -4.1,
      -3.7,
      -2.3,
      -0.3,
      2.4,
      4.3,
      5.5,
      6.2,
      6.1,
      5.8,
      5.4,
      4.7,
      4.2,
      3.6,
      2.9,
      2.4,
      2.1,
      1.8,
      1.6,
      1.1,
      1.0,
      0.6,
      0.5,
      0.2,
      0.2,
      0.9,
      2.4,
      4.5,
      6.7,
      8.2,
      9.3,
      9.9,
      10.1,
      9.9,
      9.4,
      8.5,
      7.4,
      6.2,
      5.0,
      4.0,
      3.4,
      3.2,
      3.1,
      3.1,
      3.1,
      3.3,
      3.4,
      3.7,
      3.9,
      4.2,
      4.6,
      4.9,
      5.3,
      5.8,
      6.1,
      6.4,
      6.5,
      6.4,
      6.2,
      5.7,
      5.2,
      4.7,
      4.3,
      3.9,
      3.6,
      3.5,
      3.4,
      3.5,
      3.8,
      4.0,
      4.2,
      4.3,
      4.3,
      4.4,
      4.9,
      5.4,
      5.9,
      6.4,
      6.7,
      6.8,
      6.8,
      6.7,
      6.5,
      6.2,
      5.9,
      5.7,
      5.3,
      5.1,
      4.8,
      4.5,
      4.3,
      4.1,
      3.9,
      3.8,
      3.7,
      3.6,
      3.6,
      3.9,
      4.3,
      4.8,
      5.5,
      6.1,
      6.8,
      7.3,
      7.9,
      8.2,
      8.1,
      7.4,
      6.5,
      5.7,
      4.9,
      4.3,
      3.9,
      3.6
    ],
    "precipitation_probability": [
      0,
      0,
      0,
      0,
      0,
      0,
      0,
      0,
      0,
      0,
      0,
      0,
      0,
      0,
      0,
      0,
      0,
      0,
      0,
      0,
      0,
      0,
      0,
      0,
      0,
      0,
      0,
      0,
      0,
      0,
      0,
      0,
      0,
      0,
      0,
      0,
      0,
      0,
      0,
      0,
      0,
      0,
      0,
      0,
      0,
      0,
      0,
      0,
      0,
      0,
      0,
      0,
      0,
      0,
      0,
      0,
      0,
      0,
      0,
      0,
      0,
      0,
      0,
      0,
      2,
      4,
      6,
      5,
      4,
      3,
      2,
      1,
      0,
      1,
      2,
      3,
      2,
      1,
      0,
      0,
      0,
      0,
      0,
      0,
      0,
      0,
      0,
      0,
      0,
      0,
      0,
      0,
      0,
      0,
      3,
      7,
      10,
      16,
      23,
      29,
      29,
      29,
      29,
      28,
      27,
      26,
      26,
      26,
      26,
      30,
      35,
      39,
      38,
      36,
      35,
      33,
      31,
      29,
      31,
      33,
      35,
      37,
      40,
      42,
      39,
      35,
      32,
      33,
      34,
      35,
      33,
      31,
      29,
      29,
      29,
      29,
      30,
      31,
      32,
      27,
      21,
      16,
      19,
      23,
      26,
      26,
      26,
      26,
      24,
      21,
      19,
      21,
      24,
      26,
      22,
      17,
      13,
      12,
      11,
      10,
      11,
      12,
      13,
      11,
      8,
      6,
      6,
      6
    ],
    "precipitation": [
      0.00,
      0.00,
      0.00,
      0.00,
      0.00,
      0.00,
      0.00,
      0.00,
      0.00,
      0.00,
      0.00,
      0.00,
      0.00,
      0.00,
      0.00,
      0.00,
      0.00,
      0.00,
      0.00,
      0.00,
      0.00,
      0.00,
      0.00,
      0.00,
      0.00,
      0.00,
      0.00,
      0.00,
      0.00,
      0.00,
      0.00,
      0.00,
      0.00,
      0.00,
      0.00,
      0.00,
      0.00,
      0.00,
      0.00,
      0.00,
      0.00,
      0.00,
      0.00,
      0.00,
      0.00,
      0.00,
      0.00,
      0.00,
      0.00,
      0.00,
      0.00,
      0.00,
      0.00,
      0.00,
      0.00,
      0.00,
      0.00,
      0.00,
      0.00,
      0.00,
      0.00,
      0.00,
      0.00,
      0.10,
      0.10,
      0.20,
      0.10,
      0.00,
      0.00,
      0.00,
      0.00,
      0.00,
      0.00,
      0.00,
      0.00,
      0.00,
      0.00,
      0.00,
      0.00,
      0.00,
      0.00,
      0.00,
      0.00,
      0.00,
      0.00,
      0.00,
      0.00,
      0.00,
      0.00,
      0.00,
      0.00,
      0.00,
      0.00,
      0.00,
      0.00,
      0.00,
      0.00,
      0.00,
      0.00,
      0.00,
      0.00,
      0.00,
      0.00,
      0.10,
      0.10,
      0.10,
      1.70,
      1.70,
      1.70,
      0.70,
      0.70,
      0.70,
      1.00,
      1.00,
      1.00,
      1.10,
      1.10,
      1.10,
      0.30,
      0.30,
      0.30,
      0.20,
      0.20,
      0.20,
      0.00,
      0.00,
      0.00,
      0.00,
      0.00,
      0.00,
      0.00,
      0.00,
      0.00,
      0.00,
      0.00,
      0.00,
      0.00,
      0.00,
      0.00,
      0.00,
      0.00,
      0.00,
      0.00,
      0.00,
      0.00,
      0.00,
      0.00,
      0.00,
      0.00,
      0.00,
      0.00,
      0.00,
      0.00,
      0.00,
      0.00,
      0.00,
      0.00,
      0.00,
      0.00,
      0.00,
      0.00,
      0.00,
      0.00,
      0.00,
      0.00,
      0.00,
      0.00,
      0.00
    ],
    "weather_code": [
      2,
      3,
      3,
      3,
      3,
      2,
      1,
      1,
      1,
      0,
      1,
      1,
      1,
      1,
      1,
      2,
      2,
      2,
      1,
      0,
      0,
      0,
      0,
      0,
      0,
      0,
      0,
      0,
      0,
      0,
      0,
      0,
      0,
      0,
      0,
      1,
      1,
      1,
      0,
      0,
      0,
      0,
      0,
      0,
      0,
      0,
      0,
      0,
      0,
      0,
      0,
      0,
      0,
      0,
      0,
      0,
      0,
      0,
      0,
      0,
      1,
      2,
      3,
      61,
      2,
      3,
      2,
      1,
      1,
      2,
      1,
      0,
      0,
      1,
      1,
      1,
      2,
      1,
      3,
      1,
      1,
      1,
      1,
      2,
      3,
      1,
      1,
      1,
      3,
      3,
      3,
      3,
      3,
      3,
      3,
      3,
      3,
      3,
      3,
      3,
      3,
      3,
      3,
      53,
      53,
      53,
      61,
      61,
      61,
      61,
      61,
      61,
      61,
      61,
      61,
      61,
      61,
      61,
      61,
      61,
      61,
      3,
      3,
      3,
      3,
      3,
      3,
      3,
      3,
      3,
      3,
      3,
      3,
      3,
      3,
      3,
      3,
      3,
      3,
      2,
      2,
      2,
      3,
      3,
      3,
      3,
      3,
      3,
      3,
      3,
      3,
      2,
      2,
      2,
      2,
      2,
      2,
      2,
      2,
      2,
      3,
      3,
      3,
      3,
      3,
      3,
      3,
      3
    ],
    "wind_speed_10m": [
      9.7,
      7.9,
      8.2,
      7.7,
      9.7,
      8.7,
      7.7,
      8.4,
      11.6,
      11.4,
      13.4,
      13.8,
      14.6,
      14.9,
      13.8,
      13.0,
      12.0,
      10.4,
      7.2,
      7.2,
      7.2,
      6.5,
      6.2,
      6.6,
      6.9,
      6.6,
      7.0,
      7.3,
      7.6,
      8.0,
      8.0,
      9.0,
      10.1,
      10.8,
      11.5,
      12.5,
      13.1,
      13.4,
      13.7,
      14.4,
      14.8,
      13.7,
      12.6,
      12.3,
      12.4,
      12.0,
      11.3,
      11.2,
      10.9,
      10.5,
      10.1,
      10.1,
      10.1,
      10.8,
      11.5,
      11.9,
      12.6,
      13.0,
      13.7,
      14.8,
      15.9,
      16.8,
      17.2,
      16.0,
      14.2,
      12.4,
      12.3,
      11.2,
      11.5,
      12.0,
      11.8,
      10.7,
      9.7,
      10.0,
      8.9,
      9.4,
      9.1,
      8.7,
      8.7,
      9.1,
      9.4,
      10.1,
      11.0,
      12.7,
      13.2,
      13.5,
      13.4,
      13.0,
      12.7,
      12.0,
      12.1,
      12.2,
      12.2,
      12.2,
      11.8,
      10.7,
      10.1,
      9.8,
      9.9,
      9.7,
      9.5,
      9.3,
      9.2,
      9.3,
      9.4,
      9.3,
      8.2,
      6.6,
      5.4,
      4.3,
      4.0,
      4.5,
      5.1,
      6.3,
      7.8,
      9.1,
      10.2,
      10.9,
      10.4,
      9.5,
      9.1,
      9.2,
      9.0,
      8.8,
      7.9,
      7.2,
      6.6,
      7.7,
      8.1,
      8.9,
      9.7,
      10.2,
      10.8,
      10.9,
      11.2,
      10.4,
      8.3,
      5.4,
      3.5,
      3.4,
      4.0,
      4.3,
      4.2,
      4.1,
      4.1,
      4.4,
      4.8,
      5.0,
      4.7,
      4.0,
      4.0,
      5.2,
      7.2,
      8.6,
      9.4,
      10.1,
      10.2,
      9.8,
      9.3,
      8.1,
      6.3,
      5.9,
      7.3,
      8.3,
      8.7,
      9.0,
      9.1,
      9.6
    ],
    "wind_gusts_10m": [
      17.3,
      21.2,
      18.7,
      18.4,
      20.5,
      20.5,
      18.0,
      17.6,
      25.2,
      26.6,
      29.9,
      31.3,
      32.8,
      33.1,
      32.8,
      30.6,
      28.4,
      25.9,
      21.6,
      14.8,
      14.8,
      14.4,
      12.6,
      13.0,
      13.7,
      13.7,
      14.0,
      15.1,
      15.5,
      15.8,
      16.6,
      18.7,
      22.3,
      24.1,
      25.9,
      28.4,
      29.5,
      29.9,
      30.6,
      31.3,
      31.7,
      31.0,
      28.1,
      25.9,
      25.9,
      25.9,
      24.8,
      23.4,
      23.0,
      22.0,
      22.0,
      20.5,
      20.9,
      22.0,
      23.4,
      25.2,
      27.4,
      28.1,
      32.8,
      35.3,
      37.8,
      39.6,
      41.0,
      40.0,
      37.8,
      36.4,
      28.4,
      28.1,
      25.9,
      26.6,
      27.4,
      27.0,
      24.5,
      22.7,
      22.7,
      20.9,
      20.9,
      20.5,
      19.8,
      20.5,
      22.3,
      25.6,
      27.0,
      30.2,
      32.0,
      32.0,
      32.4,
      32.4,
      30.6,
      28.8,
      27.0,
      27.7,
      28.8,
      29.5,
      27.4,
      24.8,
      22.7,
      22.3,
      22.3,
      22.0,
      22.7,
      23.8,
      24.5,
      24.1,
      23.8,
      23.4,
      20.9,
      18.4,
      15.8,
      14.0,
      12.2,
      10.4,
      13.0,
      15.5,
      18.0,
      20.2,
      22.7,
      24.8,
      23.8,
      22.7,
      21.6,
      20.9,
      20.5,
      19.8,
      18.7,
      17.6,
      16.6,
      19.4,
      20.2,
      20.9,
      22.3,
      23.8,
      25.2,
      25.2,
      25.2,
      25.2,
      20.5,
      15.5,
      10.8,
      10.4,
      9.7,
      9.4,
      9.4,
      9.0,
      9.0,
      9.7,
      10.1,
      10.8,
      10.4,
      10.4,
      10.1,
      13.7,
      17.6,
      21.2,
      22.7,
      24.1,
      25.6,
      25.6,
      25.9,
      25.9,
      22.7,
      19.8,
      16.6,
      18.0,
      19.1,
      20.5,
      20.9,
      21.6
    ]
  }
}
