{
  "latitude": 52.5,
  "longitude": 13.259998,
  "generationtime_ms": 0.28693675994873047,
  "utc_offset_seconds": 0,
  "timezone": "GMT",
  "timezone_abbreviation": "GMT",
  "elevation": 62.0,
  "daily_units": {
    "time": "iso8601",
    "weather_code": "wmo code",
    "temperature_2m_max": "°C",
    "temperature_2m_min": "°C",
    "apparent_temperature_max": "°C",
    "apparent_temperature_min": "°C",
    "sunrise": "iso8601",
    "sunset": "iso8601",
    "precipitation_hours": "h",
    "precipitation_probability_max": "%",
    "wind_speed_10m_max": "km/h",
    "wind_gusts_10m_max": "km/h",
    "wind_direction_10m_dominant": "°"
  },
  "daily": {
    "time": [
      "Today",
      "Today+1",
      "Today+2",
      "Today+3",
      "Today+4",
      "Today+5",
      "Today+6"
    ],
    "weather_code": [
      3,
      0,
      61,
      3,
      61,
      61,
      3
    ],
    "temperature_2m_max": [
      8.0,
      8.0,
      10.5,
      13.3,
      7.9,
      9.7,
      11.4
    ],
    "temperature_2m_min": [
      0.9,
      -0.7,
      -0.1,
      3.2,
      5.8,
      6.0,
      5.5
    ],
    "apparent_temperature_max": [
      3.2,
      3.1,
      6.2,
      10.1,
      6.5,
      6.8,
      8.2
    ],
    "apparent_temperature_min": [
      -2.5,
      -4.4,
      -4.0,
      0.2,
      3.1,
      3.4,
      3.6
    ],
    "sunrise": [
      "TodayT05:38",
      "Today+1T05:36",
      "Today+2T05:33",
      "Today+3T05:31",
      "Today+4T05:29",
      "Today+5T05:26",
      "Today+6T05:24"
    ],
    "sunset": [
      "TodayT16:57",
      "Today+1T16:59",
      "Today+2T17:00",
      "Today+3T17:02",
      "Today+4T17:04",
      "Today+5T17:06",
      "Today+6T17:08"
    ],
    "precipitation_hours": [
      0.0,
      0.0,
      4.0,
      0.0,
      17.0,
      4.0,
      0.0
    ],
    "precipitation_probability_max": [
      0,
      0,
      6,
      7,
      39,
      42,
      26
    ],
    "wind_speed_10m_max": [
      15.0,
      14.6,
      17.2,
      13.5,
      10.9,
      11.2,
      10.2
    ],
    "wind_gusts_10m_max": [
      33.1,
      31.7,
      41.0,
      32.4,
      24.8,
      25.2,
      25.9
    ],
    "wind_direction_10m_dominant": [
      76,
      94,
      95,
      88,
      19,
      247,
      219
    ]
  }
}
