{
  "latitude": 55.668217,
  "longitude": 12.507767,
  "generationtime_ms": 0.3139972686767578,
  "utc_offset_seconds": 0,
  "timezone": "GMT",
  "timezone_abbreviation": "GMT",
  "elevation": 13.0,
  "daily_units": {
    "time": "iso8601",
    "weather_code": "wmo code",
    "temperature_2m_max": "°C",
    "temperature_2m_min": "°C",
    "apparent_temperature_max": "°C",
    "apparent_temperature_min": "°C",
    "sunrise": "iso8601",
    "sunset": "iso8601",
    "precipitation_hours": "h",
    "precipitation_probability_max": "%",
    "wind_speed_10m_max": "km/h",
    "wind_gusts_10m_max": "km/h",
    "wind_direction_10m_dominant": "°"
  },
  "daily": {
    "time": [
      "Today",
      "Today+1",
      "Today+2",
      "Today+3",
      "Today+4",
      "Today+5",
      "Today+6"
    ],
    "weather_code": [
      3,
      3,
      3,
      3,
      61,
      61,
      3
    ],
    "temperature_2m_max": [
      6.5,
      6.9,
      5.3,
      3.7,
      4.3,
      5.1,
      6.1
    ],
    "temperature_2m_min": [
      0.4,
      -0.2,
      0.9,
      0.8,
      2.1,
      3.4,
      3.7
    ],
    "apparent_temperature_max": [
      3.8,
      4.2,
      0.2,
      -1.4,
      -0.6,
      2.2,
      2.3
    ],
    "apparent_temperature_min": [
      -3.5,
      -3.1,
      -4.3,
      -4.0,
      -2.5,
      -1.2,
      -0.1
    ],
    "sunrise": [
      "TodayT05:44",
      "Today+1T05:41",
      "Today+2T05:39",
      "Today+3T05:36",
      "Today+4T05:33",
      "Today+5T05:31",
      "Today+6T05:28"
    ],
    "sunset": [
      "TodayT16:57",
      "Today+1T16:59",
      "Today+2T17:01",
      "Today+3T17:03",
      "Today+4T17:05",
      "Today+5T17:07",
      "Today+6T17:09"
    ],
    "precipitation_hours": [
      0.0,
      0.0,
      0.0,
      0.0,
      2.0,
      19.0,
      0.0
    ],
    "precipitation_probability_max": [
      0,
      0,
      5,
      13,
      29,
      23,
      19
    ],
    "wind_speed_10m_max": [
      11.5,
      15.1,
      29.5,
      21.6,
      21.3,
      18.1,
      17.5
    ],
    "wind_gusts_10m_max": [
      24.8,
      28.4,
      54.7,
      54.7,
      52.2,
      44.6,
      36.7
    ],
    "wind_direction_10m_dominant": [
      72,
      132,
      91,
      79,
      72,
      107,
      192
    ]
  }
}
