{
  "latitude": 55.668217,
  "longitude": 12.507767,
  "generationtime_ms": 0.18095970153808594,
  "utc_offset_seconds": 0,
  "timezone": "GMT",
  "timezone_abbreviation": "GMT",
  "elevation": 13.0,
  "hourly_units": {
    "time": "iso8601",
    "temperature_2m": "°C",
    "relative_humidity_2m": "%",
    "apparent_temperature": "°C",
    "precipitation_probability": "%",
    "precipitation": "mm",
    "weather_code": "wmo code",
    "wind_speed_10m": "km/h",
    "wind_gusts_10m": "km/h"
  },
  "hourly": {
    "time": [
      "TodayT00:00",
      "TodayT01:00",
      "TodayT02:00",
      "TodayT03:00",
      "TodayT04:00",
      "TodayT05:00",
      "TodayT06:00",
      "TodayT07:00",
      "TodayT08:00",
      "TodayT09:00",
      "TodayT10:00",
      "TodayT11:00",
      "TodayT12:00",
      "TodayT13:00",
      "TodayT14:00",
      "TodayT15:00",
      "TodayT16:00",
      "TodayT17:00",
      "TodayT18:00",
      "TodayT19:00",
      "TodayT20:00",
      "TodayT21:00",
      "TodayT22:00",
      "TodayT23:00",
      "Today+1T00:00",
      "Today+1T01:00",
      "Today+1T02:00",
      "Today+1T03:00",
      "Today+1T04:00",
      "Today+1T05:00",
      "Today+1T06:00",
      "Today+1T07:00",
      "Today+1T08:00",
      "Today+1T09:00",
      "Today+1T10:00",
      "Today+1T11:00",
      "Today+1T12:00",
      "Today+1T13:00",
      "Today+1T14:00",
      "Today+1T15:00",
      "Today+1T16:00",
      "Today+1T17:00",
      "Today+1T18:00",
      "Today+1T19:00",
      "Today+1T20:00",
      "Today+1T21:00",
      "Today+1T22:00",
      "Today+1T23:00",
      "Today+2T00:00",
      "Today+2T01:00",
      "Today+2T02:00",
      "Today+2T03:00",
      "Today+2T04:00",
      "Today+2T05:00",
      "Today+2T06:00",
      "Today+2T07:00",
      "Today+2T08:00",
      "Today+2T09:00",
      "Today+2T10:00",
      "Today+2T11:00",
      "Today+2T12:00",
      "Today+2T13:00",
      "Today+2T14:00",
      "Today+2T15:00",
      "Today+2T16:00",
      "Today+2T17:00",
      "Today+2T18:00",
      "Today+2T19:00",
      "Today+2T20:00",
      "Today+2T21:00",
      "Today+2T22:00",
      "Today+2T23:00",
      "Today+3T00:00",
      "Today+3T01:00",
      "Today+3T02:00",
      "Today+3T03:00",
      "Today+3T04:00",
      "Today+3T05:00",
      "Today+3T06:00",
      "Today+3T07:00",
      "Today+3T08:00",
      "Today+3T09:00",
      "Today+3T10:00",
      "Today+3T11:00",
      "Today+3T12:00",
      "Today+3T13:00",
      "Today+3T14:00",
      "Today+3T15:00",
      "Today+3T16:00",
      "Today+3T17:00",
      "Today+3T18:00",
      "Today+3T19:00",
      "Today+3T20:00",
      "Today+3T21:00",
      "Today+3T22:00",
      "Today+3T23:00",
      "Today+4T00:00",
      "Today+4T01:00",
      "Today+4T02:00",
      "Today+4T03:00",
      "Today+4T04:00",
      "Today+4T05:00",
      "Today+4T06:00",
      "Today+4T07:00",
      "Today+4T08:00",
      "Today+4T09:00",
      "Today+4T10:00",
      "Today+4T11:00",
      "Today+4T12:00",
      "Today+4T13:00",
      "Today+4T14:00",
      "Today+4T15:00",
      "Today+4T16:00",
      "Today+4T17:00",
      "Today+4T18:00",
      "Today+4T19:00",
      "Today+4T20:00",
      "Today+4T21:00",
      "Today+4T22:00",
      "Today+4T23:00",
      "Today+5T00:00",
      "Today+5T01:00",
      "Today+5T02:00",
      "Today+5T03:00",
      "Today+5T04:00",
      "Today+5T05:00",
      "Today+5T06:00",
      "Today+5T07:00",
      "Today+5T08:00",
      "Today+5T09:00",
      "Today+5T10:00",
      "Today+5T11:00",
      "Today+5T12:00",
      "Today+5T13:00",
      "Today+5T14:00",
      "Today+5T15:00",
      "Today+5T16:00",
      "Today+5T17:00",
      "Today+5T18:00",
      "Today+5T19:00",
      "Today+5T20:00",
      "Today+5T21:00",
      "Today+5T22:00",
      "Today+5T23:00",
      "Today+6T00:00",
      "Today+6T01:00",
      "Today+6T02:00",
      "Today+6T03:00",
      "Today+6T04:00",
      "Today+6T05:00",
      "Today+6T06:00",
      "Today+6T07:00",
      "Today+6T08:00",
      "Today+6T09:00",
      "Today+6T10:00",
      "Today+6T11:00",
      "Today+6T12:00",
      "Today+6T13:00",
      "Today+6T14:00",
      "Today+6T15:00",
      "Today+6T16:00",
      "Today+6T17:00",
      "Today+6T18:00",
      "Today+6T19:00",
      "Today+6T20:00",
      "Today+6T21:00",
      "Today+6T22:00",
      "Today+6T23:00"
    ],
    "temperature_2m": [
      1.6,
      1.4,
      0.9,
      0.5,
      0.4,
      0.4,
      0.5,
      1.0,
      1.5,
      2.1,
      3.0,
      4.0,
      5.0,
      5.5,
      5.9,
      6.1,
      6.0,
      5.0,
      3.5,
      2.7,
      2.2,
      2.1,
      1.8,
      1.4,
      1.1,
      0.8,
      0.4,
      0.1,
      -0.0,
      -0.4,
      -0.1,
      0.7,
      1.8,
      2.5,
      3.0,
      4.2,
      5.4,
      6.3,
      6.7,
      6.4,
      5.1,
      4.0,
      3.2,
      2.7,
      2.7,
      1.9,
      1.2,
      1.2,
      1.3,
      1.1,
      1.2,
      1.3,
      1.3,
      1.4,
      1.6,
      1.8,
      2.1,
      2.9,
      3.6,
      4.2,
      4.7,
      5.1,
      5.1,
      4.6,
      3.7,
      2.8,
      2.3,
      2.1,
      1.8,
      1.8,
      2.0,
      0.9,
      0.8,
      1.1,
      1.2,
      1.3,
      1.3,
      1.5,
      1.5,
      1.7,
      2.0,
      2.4,
      3.1,
      3.2,
      3.5,
      3.6,
      3.7,
      3.6,
      3.3,
      2.9,
      2.6,
      2.4,
      2.3,
      2.3,
      2.3,
      2.4,
      2.4,
      2.4,
      2.3,
      2.2,
      2.2,
      2.1,
      2.1,
      2.3,
      2.5,
      2.9,
      3.4,
      3.9,
      4.3,
      4.3,
      4.2,
      4.0,
      3.7,
      3.3,
      3.0,
      3.1,
      3.2,
      3.4,
      3.4,
      3.4,
      3.4,
      3.4,
      3.4,
      3.5,
      3.5,
      3.5,
      3.5,
      3.8,
      4.0,
      4.1,
      4.3,
      4.5,
      4.6,
      4.8,
      5.0,
      5.1,
      5.0,
      4.9,
      4.8,
      4.7,
      4.6,
      4.5,
      4.4,
      4.3,
      4.3,
      4.3,
      4.3,
      4.3,
      4.3,
      4.2,
      4.2,
      4.3,
      4.5,
      4.8,
      5.2,
      5.7,
      6.0,
      6.1,
      6.1,
      5.9,
      5.4,
      4.7,
      4.2,
      3.9,
      3.7,
      3.8,
      4.2,
      4.8
    ],
    "relative_humidity_2m": [
      84,
      82,
      85,
      87,
      87,
      87,
      87,
      86,
      84,
      83,
      79,
      77,
      76,
      73,
      70,
      69,
      68,
      73,
      83,
      86,
      89,
      89,
      87,
      86,
      85,
      83,
      84,
      86,
      88,
      98,
      97,
      97,
      96,
      95,
      91,
      84,
      76,
      70,
      69,
      74,
      79,
      85,
      90,
      97,
      95,
      96,
      94,
      92,
      90,
      86,
      86,
      85,
      84,
      84,
      83,
      82,
      80,
      78,
      76,
      74,
      72,
      71,
      71,
      72,
      75,
      79,
      81,
      82,
      82,
      83,
      84,
      85,
      86,
      87,
      86,
      86,
      86,
      84,
      84,
      83,
      82,
      81,
      78,
      79,
      79,
      79,
      80,
      81,
      82,
      83,
      84,
      84,
      83,
      83,
      83,
      83,
      83,
      84,
      84,
      85,
      86,
      86,
      86,
      86,
      85,
      84,
      82,
      80,
      79,
      79,
      79,
      79,
      80,
      81,
      82,
      83,
      84,
      85,
      86,
      86,
      87,
      88,
      89,
      90,
      91,
      91,
      91,
      90,
      91,
      91,
      91,
      91,
      91,
      92,
      92,
      93,
      94,
      95,
      95,
      94,
      91,
      90,
      90,
      91,
      91,
      90,
      90,
      89,
      89,
      89,
      89,
      88,
      87,
      86,
      84,
      81,
      78,
      76,
      74,
      73,
      75,
      79,
      82,
      84,
      85,
      85,
      85,
      83
    ],
    "apparent_temperature": [
      -2.3,
      -2.5,
      -2.7,
      -3.1,
      -3.4,
      -3.5,
      -3.5,
      -3.0,
      -2.2,
      -1.6,
      -0.6,
      0.5,
      1.9,
      2.4,
      2.8,
      3.4,
      3.4,
      2.5,
      1.2,
      0.3,
      -0.7,
      -0.7,
      -0.9,
      -1.3,
      -1.8,
      -2.1,
      -2.5,
      -2.7,
      -2.7,
      -3.3,
      -2.7,
      -1.8,
      -0.7,
      0.0,
      0.6,
      1.8,
      2.8,
      3.5,
      4.0,
      3.7,
      2.3,
      1.1,
      0.4,
      -0.2,
      -0.4,
      -1.6,
      -2.6,
      -3.1,
      -3.2,
      -3.8,
      -3.6,
      -3.5,
      -3.5,
      -3.5,
      -3.5,
      -3.2,
      -2.8,
      -2.0,
      -1.3,
      -0.7,
      -0.2,
      0.1,
      -0.1,
      -0.8,
      -1.7,
      -2.9,
      -3.6,
      -3.9,
      -4.3,
      -4.5,
      -4.5,
      -4.0,
      -4.0,
      -3.8,
      -3.7,
      -3.7,
      -3.7,
      -3.6,
      -3.5,
      -3.6,
      -3.2,
      -2.8,
      -2.1,
      -1.8,
      -1.6,
      -1.4,
      -1.4,
      -1.5,
      -1.8,
      -2.3,
      -2.6,
      -2.9,
      -3.0,
      -2.9,
      -2.7,
      -2.5,
      -2.3,
      -2.3,
      -2.4,
      -2.5,
      -2.5,
      -2.5,
      -2.4,
      -2.4,
      -2.3,
      -2.0,
      -1.5,
      -0.9,
      -0.6,
      -0.6,
      -0.9,
      -1.2,
      -1.5,
      -1.8,
      -2.1,
      -1.9,
      -1.6,
      -1.3,
      -1.3,
      -1.2,
      -1.2,
      -1.0,
      -1.0,
      -0.8,
      -0.8,
      -0.6,
      -0.5,
      -0.5,
      -0.2,
      0.1,
      0.3,
      0.6,
      0.8,
      1.2,
      1.5,
      1.8,
      2.1,
      2.2,
      2.1,
      1.9,
      1.7,
      1.6,
      1.5,
      1.3,
      1.2,
      1.2,
      1.2,
      1.1,
      1.0,
      0.9,
      0.8,
      0.8,
      0.9,
      1.1,
      1.5,
      2.0,
      2.2,
      2.3,
      2.2,
      2.2,
      2.0,
      1.7,
      1.3,
      0.8,
      0.2,
      -0.1,
      0.1,
      0.5
    ],
    "precipitation_probability": [
      0,
      0,
      0,
      0,
      0,
      0,
      0,
      0,
      0,
      0,
      0,
      0,
      0,
      0,
      0,
      0,
      0,
      0,
      0,
      0,
      0,
      0,
      0,
      0,
      0,
      0,
      0,
      0,
      0,
      0,
      0,
      0,
      0,
      0,
      0,
      0,
      0,
      0,
      0,
      0,
      0,
      0,
      0,
      0,
      0,
      0,
      0,
      0,
      0,
      0,
      0,
      0,
      0,
      0,
      0,
      0,
      0,
      0,
      0,
      0,
      0,
      0,
      0,
      0,
      0,
      0,
      0,
      1,
      2,
      3,
      4,
      5,
      6,
      7,
      9,
      10,
      11,
      12,
      13,
      12,
      11,
      10,
      9,
      7,
      6,
      5,
      4,
      3,
      2,
      1,
      0,
      1,
      2,
      3,
      3,
      3,
      3,
      2,
      1,
      0,
      1,
      2,
      3,
      5,
      8,
      10,
      10,
      10,
      10,
      16,
      23,
      29,
      29,
      29,
      29,
      27,
      25,
      23,
      22,
      20,
      19,
      19,
      19,
      19,
      17,
      15,
      13,
      16,
      20,
      23,
      21,
      18,
      16,
      16,
      16,
      16,
      16,
      16,
      16,
      17,
      18,
      19,
      17,
      15,
      13,
      13,
      13,
      13,
      14,
      15,
      16,
      15,
      14,
      13,
      13,
      13,
      13,
      12,
      11,
      10,
      11,
      12,
      13,
      15,
      17,
      19,
      19,
      19
    ],
    "precipitation": [
      0.00,
      0.00,
      0.00,
      0.00,
      0.00,
      0.00,
      0.00,
      0.00,
      0.00,
      0.00,
      0.00,
      0.00,
      0.00,
      0.00,
      0.00,
      0.00,
      0.00,
      0.00,
      0.00,
      0.00,
      0.00,
      0.00,
      0.00,
      0.00,
      0.00,
      0.00,
      0.00,
      0.00,
      0.00,
      0.00,
      0.00,
      0.00,
      0.00,
      0.00,
      0.00,
      0.00,
      0.00,
      0.00,
      0.00,
      0.00,
      0.00,
      0.00,
      0.00,
      0.00,
      0.00,
      0.00,
      0.00,
      0.00,
      0.00,
      0.00,
      0.00,
      0.00,
      0.00,
      0.00,
      0.00,
      0.00,
      0.00,
      0.00,
      0.00,
      0.00,
      0.00,
      0.00,
      0.00,
      0.00,
      0.00,
      0.00,
      0.00,
      0.00,
      0.00,
      0.00,
      0.00,
      0.00,
      0.00,
      0.00,
      0.00,
      0.00,
      0.00,
      0.00,
      0.00,
      0.00,
      0.00,
      0.00,
      0.00,
      0.00,
      0.00,
      0.00,
      0.00,
      0.00,
      0.00,
      0.00,
      0.00,
      0.00,
      0.00,
      0.00,
      0.00,
      0.00,
      0.00,
      0.00,
      0.00,
      0.00,
      0.00,
      0.00,
      0.00,
      0.00,
      0.00,
      0.00,
      0.00,
      0.00,
      0.00,
      0.00,
      0.00,
      0.00,
      0.00,
      0.00,
      0.00,
      0.00,
      0.00,
      0.00,
      0.60,
      0.60,
      0.60,
      0.20,
      0.20,
      0.20,
      0.10,
      0.10,
      0.10,
      0.10,
      0.10,
      0.10,
      0.20,
      0.20,
      0.20,
      0.10,
      0.10,
      0.10,
      0.10,
      0.10,
      0.10,
      0.00,
      0.00,
      0.00,
      0.00,
      0.00,
      0.00,
      0.00,
      0.00,
      0.00,
      0.00,
      0.00,
      0.00,
      0.00,
      0.00,
      0.00,
      0.00,
      0.00,
      0.00,
      0.00,
      0.00,
      0.00,
      0.00,
      0.00,
      0.00,
      0.00,
      0.00,
      0.00,
      0.00,
      0.00
    ],
    "weather_code": [
      3,
      3,
      2,
      0,
      0,
      0,
      3,
      3,
      3,
      3,
      3,
      1,
      1,
      0,
      0,
      0,
      0,
      0,
      0,
      0,
      0,
      0,
      0,
      0,
      0,
      0,
      0,
      1,
      1,
      2,
      3,
      3,
      3,
      3,
      2,
      2,
      1,
      0,
      0,
      0,
      0,
      0,
      1,
      2,
      3,
      3,
      3,
      3,
      3,
      3,
      3,
      3,
      3,
      3,
      3,
      3,
      3,
      3,
      3,
      3,
      3,
      1,
      0,
      0,
      1,
      1,
      1,
      1,
      0,
      1,
      2,
      2,
      3,
      3,
      3,
      3,
      3,
      3,
      3,
      3,
      3,
      3,
      3,
      3,
      3,
      3,
      3,
      3,
      3,
      3,
      3,
      3,
      3,
      3,
      3,
      3,
      3,
      3,
      3,
      3,
      3,
      3,
      3,
      3,
      3,
      3,
      3,
      3,
      3,
      3,
      3,
      3,
      3,
      3,
      3,
      61,
      61,
      61,
      61,
      61,
      61,
      61,
      61,
      61,
      3,
      3,
      3,
      51,
      51,
      51,
      51,
      51,
      51,
      53,
      53,
      53,
      3,
      3,
      3,
      3,
      3,
      3,
      3,
      3,
      3,
      3,
      3,
      3,
      3,
      3,
      3,
      3,
      3,
      3,
      3,
      3,
      3,
      3,
      3,
      3,
      1,
      1,
      1,
      3,
      3,
      3,
      3,
      3
    ],
    "wind_speed_10m": [
      11.5,
      10.4,
      9.0,
      8.6,
      10.1,
      11.2,
      11.2,
      11.5,
      10.4,
      10.8,
      10.4,
      9.4,
      7.6,
      7.9,
      7.6,
      5.4,
      4.0,
      3.2,
      2.5,
      2.2,
      6.1,
      5.4,
      4.0,
      3.2,
      4.3,
      3.6,
      3.6,
      2.9,
      2.2,
      4.7,
      2.9,
      2.9,
      4.0,
      4.3,
      4.0,
      4.3,
      5.0,
      5.8,
      5.8,
      6.5,
      6.8,
      6.8,
      6.5,
      7.6,
      9.0,
      10.8,
      11.9,
      15.1,
      15.8,
      17.6,
      18.0,
      18.0,
      17.6,
      18.4,
      19.1,
      18.4,
      18.4,
      18.4,
      18.7,
      18.7,
      19.4,
      20.5,
      22.0,
      22.7,
      22.3,
      24.5,
      25.2,
      25.6,
      26.6,
      28.1,
      29.5,
      17.1,
      17.2,
      18.1,
      18.4,
      18.9,
      18.6,
      18.8,
      18.7,
      20.4,
      20.4,
      20.3,
      20.3,
      19.2,
      20.4,
      20.4,
      20.9,
      21.0,
      21.3,
      21.5,
      21.5,
      21.6,
      21.4,
      20.8,
      19.7,
      18.3,
      17.2,
      17.0,
      17.3,
      17.4,
      17.1,
      16.6,
      16.5,
      17.3,
      18.5,
      19.1,
      19.4,
      19.2,
      19.5,
      19.9,
      20.7,
      21.2,
      21.3,
      20.7,
      20.4,
      19.8,
      19.2,
      18.7,
      18.6,
      18.2,
      18.1,
      17.7,
      17.6,
      17.2,
      16.8,
      16.0,
      15.6,
      18.0,
      17.3,
      16.7,
      16.4,
      16.1,
      15.5,
      15.0,
      14.2,
      13.1,
      10.7,
      9.2,
      9.0,
      9.4,
      9.4,
      9.4,
      9.4,
      9.7,
      9.8,
      10.2,
      10.3,
      10.7,
      11.2,
      11.2,
      11.6,
      12.4,
      13.3,
      14.0,
      14.5,
      14.6,
      15.0,
      14.5,
      14.0,
      12.5,
      10.3,
      8.1,
      7.2,
      8.7,
      11.6,
      14.1,
      15.9,
      17.5
    ],
    "wind_gusts_10m": [
      24.8,
      21.2,
      18.7,
      16.2,
      17.3,
      19.4,
      20.5,
      21.6,
      21.6,
      23.0,
      22.7,
      22.0,
      18.0,
      18.7,
      19.1,
      18.0,
      13.7,
      9.4,
      5.0,
      3.6,
      8.6,
      9.4,
      7.6,
      5.8,
      5.8,
      5.8,
      5.0,
      5.0,
      4.3,
      9.0,
      9.0,
      6.8,
      8.6,
      10.4,
      10.4,
      12.2,
      14.0,
      15.1,
      15.1,
      15.1,
      15.5,
      14.0,
      11.2,
      14.4,
      16.9,
      20.2,
      23.4,
      28.4,
      29.5,
      32.4,
      33.1,
      33.1,
      32.8,
      33.5,
      35.3,
      36.7,
      36.4,
      36.4,
      36.7,
      37.4,
      38.5,
      41.0,
      43.6,
      44.3,
      44.3,
      45.4,
      46.1,
      47.5,
      49.0,
      51.8,
      54.7,
      41.4,
      41.8,
      44.6,
      45.4,
      46.4,
      46.8,
      46.4,
      46.8,
      50.4,
      50.4,
      50.4,
      50.4,
      49.7,
      50.4,
      50.8,
      51.5,
      51.8,
      52.9,
      53.6,
      54.7,
      53.6,
      52.6,
      51.5,
      49.3,
      47.2,
      45.0,
      44.6,
      44.3,
      43.9,
      43.2,
      42.5,
      41.8,
      43.6,
      45.0,
      46.8,
      47.2,
      47.9,
      48.2,
      49.7,
      50.8,
      52.2,
      51.8,
      51.1,
      50.8,
      49.3,
      48.2,
      46.8,
      46.1,
      45.4,
      44.6,
      44.3,
      44.3,
      43.9,
      42.5,
      41.0,
      39.6,
      39.6,
      38.5,
      37.8,
      36.7,
      35.6,
      34.6,
      33.1,
      32.0,
      30.6,
      27.7,
      24.5,
      21.6,
      21.2,
      20.5,
      20.2,
      20.2,
      20.5,
      20.5,
      21.2,
      22.3,
      23.0,
      23.8,
      24.5,
      25.2,
      27.0,
      28.8,
      30.6,
      31.7,
      32.4,
      33.5,
      32.8,
      31.7,
      31.0,
      27.4,
      23.4,
      19.8,
      23.0,
      26.3,
      29.5,
      33.1,
      36.7
    ]
  }
}
