{
  "latitude": 51.9,
  "longitude": -8.58,
  "generationtime_ms": 0.44596195220947266,
  "utc_offset_seconds": 0,
  "timezone": "GMT",
  "timezone_abbreviation": "GMT",
  "elevation": 61.0,
  "daily_units": {
    "time": "iso8601",
    "weather_code": "wmo code",
    "temperature_2m_max": "°C",
    "temperature_2m_min": "°C",
    "apparent_temperature_max": "°C",
    "apparent_temperature_min": "°C",
    "sunrise": "iso8601",
    "sunset": "iso8601",
    "precipitation_hours": "h",
    "precipitation_probability_max": "%",
    "wind_speed_10m_max": "km/h",
    "wind_gusts_10m_max": "km/h",
    "wind_direction_10m_dominant": "°"
  },
  "daily": {
    "time": [
      "Today",
      "Today+1",
      "Today+2",
      "Today+3",
      "Today+4",
      "Today+5",
      "Today+6"
    ],
    "weather_code": [
      61,
      53,
      51,
      51,
      61,
      61,
      61
    ],
    "temperature_2m_max": [
      9.9,
      8.3,
      8.3,
      9.9,
      9.0,
      9.6,
      10.4
    ],
    "temperature_2m_min": [
      7.2,
      6.3,
      5.3,
      3.7,
      3.9,
      4.3,
      3.6
    ],
    "apparent_temperature_max": [
      5.7,
      3.4,
      4.0,
      6.8,
      5.6,
      8.0,
      6.9
    ],
    "apparent_temperature_min": [
      2.5,
      1.0,
      1.3,
      -0.1,
      0.8,
      2.7,
      1.1
    ],
    "sunrise": [
      "TodayT07:05",
      "Today+1T07:02",
      "Today+2T07:00",
      "Today+3T06:58",
      "Today+4T06:56",
      "Today+5T06:53",
      "Today+6T06:51"
    ],
    "sunset": [
      "TodayT18:25",
      "Today+1T18:26",
      "Today+2T18:28",
      "Today+3T18:30",
      "Today+4T18:32",
      "Today+5T18:33",
      "Today+6T18:35"
    ],
    "precipitation_hours": [
      7.0,
      9.0,
      6.0,
      4.0,
      5.0,
      10.0,
      0.0
    ],
    "precipitation_probability_max": [
      42,
      39,
      90,
      55,
      45,
      52,
      74
    ],
    "wind_speed_10m_max": [
      29.8,
      28.9,
      28.5,
      18.7,
      15.7,
      22.2,
      24.4
    ],
    "wind_gusts_10m_max": [
      58.7,
      58.3,
      55.1,
      32.0,
      25.2,
      34.6,
      40.7
    ],
    "wind_direction_10m_dominant": [
      114,
      92,
      58,
      18,
      71,
      147,
      285
    ]
  }
}
