{
  "latitude": 51.9,
  "longitude": -8.58,
  "generationtime_ms": 0.2859830856323242,
  "utc_offset_seconds": 0,
  "timezone": "GMT",
  "timezone_abbreviation": "GMT",
  "elevation": 61.0,
  "hourly_units": {
    "time": "iso8601",
    "temperature_2m": "°C",
    "relative_humidity_2m": "%",
    "apparent_temperature": "°C",
    "precipitation_probability": "%",
    "precipitation": "mm",
    "weather_code": "wmo code",
    "wind_speed_10m": "km/h",
    "wind_gusts_10m": "km/h"
  },
  "hourly": {
    "time": [
      "TodayT00:00",
      "TodayT01:00",
      "TodayT02:00",
      "TodayT03:00",
      "TodayT04:00",
      "TodayT05:00",
      "TodayT06:00",
      "TodayT07:00",
      "TodayT08:00",
      "TodayT09:00",
      "TodayT10:00",
      "TodayT11:00",
      "TodayT12:00",
      "TodayT13:00",
      "TodayT14:00",
      "TodayT15:00",
      "TodayT16:00",
      "TodayT17:00",
      "TodayT18:00",
      "TodayT19:00",
      "TodayT20:00",
      "TodayT21:00",
      "TodayT22:00",
      "TodayT23:00",
      "Today+1T00:00",
      "Today+1T01:00",
      "Today+1T02:00",
      "Today+1T03:00",
      "Today+1T04:00",
      "Today+1T05:00",
      "Today+1T06:00",
      "Today+1T07:00",
      "Today+1T08:00",
      "Today+1T09:00",
      "Today+1T10:00",
      "Today+1T11:00",
      "Today+1T12:00",
      "Today+1T13:00",
      "Today+1T14:00",
      "Today+1T15:00",
      "Today+1T16:00",
      "Today+1T17:00",
      "Today+1T18:00",
      "Today+1T19:00",
      "Today+1T20:00",
      "Today+1T21:00",
      "Today+1T22:00",
      "Today+1T23:00",
      "Today+2T00:00",
      "Today+2T01:00",
      "Today+2T02:00",
      "Today+2T03:00",
      "Today+2T04:00",
      "Today+2T05:00",
      "Today+2T06:00",
      "Today+2T07:00",
      "Today+2T08:00",
      "Today+2T09:00",
      "Today+2T10:00",
      "Today+2T11:00",
      "Today+2T12:00",
      "Today+2T13:00",
      "Today+2T14:00",
      "Today+2T15:00",
      "Today+2T16:00",
      "Today+2T17:00",
      "Today+2T18:00",
      "Today+2T19:00",
      "Today+2T20:00",
      "Today+2T21:00",
      "Today+2T22:00",
      "Today+2T23:00",
      "Today+3T00:00",
      "Today+3T01:00",
      "Today+3T02:00",
      "Today+3T03:00",
      "Today+3T04:00",
      "Today+3T05:00",
      "Today+3T06:00",
      "Today+3T07:00",
      "Today+3T08:00",
      "Today+3T09:00",
      "Today+3T10:00",
      "Today+3T11:00",
      "Today+3T12:00",
      "Today+3T13:00",
      "Today+3T14:00",
      "Today+3T15:00",
      "Today+3T16:00",
      "Today+3T17:00",
      "Today+3T18:00",
      "Today+3T19:00",
      "Today+3T20:00",
      "Today+3T21:00",
      "Today+3T22:00",
      "Today+3T23:00",
      "Today+4T00:00",
      "Today+4T01:00",
      "Today+4T02:00",
      "Today+4T03:00",
      "Today+4T04:00",
      "Today+4T05:00",
      "Today+4T06:00",
      "Today+4T07:00",
      "Today+4T08:00",
      "Today+4T09:00",
      "Today+4T10:00",
      "Today+4T11:00",
      "Today+4T12:00",
      "Today+4T13:00",
      "Today+4T14:00",
      "Today+4T15:00",
      "Today+4T16:00",
      "Today+4T17:00",
      "Today+4T18:00",
      "Today+4T19:00",
      "Today+4T20:00",
      "Today+4T21:00",
      "Today+4T22:00",
      "Today+4T23:00",
      "Today+5T00:00",
      "Today+5T01:00",
      "Today+5T02:00",
      "Today+5T03:00",
      "Today+5T04:00",
      "Today+5T05:00",
      "Today+5T06:00",
      "Today+5T07:00",
      "Today+5T08:00",
      "Today+5T09:00",
      "Today+5T10:00",
      "Today+5T11:00",
      "Today+5T12:00",
      "Today+5T13:00",
      "Today+5T14:00",
      "Today+5T15:00",
      "Today+5T16:00",
      "Today+5T17:00",
      "Today+5T18:00",
      "Today+5T19:00",
      "Today+5T20:00",
      "Today+5T21:00",
      "Today+5T22:00",
      "Today+5T23:00",
      "Today+6T00:00",
      "Today+6T01:00",
      "Today+6T02:00",
      "Today+6T03:00",
      "Today+6T04:00",
      "Today+6T05:00",
      "Today+6T06:00",
      "Today+6T07:00",
      "Today+6T08:00",
      "Today+6T09:00",
      "Today+6T10:00",
      "Today+6T11:00",
      "Today+6T12:00",
      "Today+6T13:00",
      "Today+6T14:00",
      "Today+6T15:00",
      "Today+6T16:00",
      "Today+6T17:00",
      "Today+6T18:00",
      "Today+6T19:00",
      "Today+6T20:00",
      "Today+6T21:00",
      "Today+6T22:00",
      "Today+6T23:00"
    ],
    "temperature_2m": [
      9.9,
      9.6,
      9.5,
      9.3,
      9.3,
      8.9,
      9.0,
      9.0,
      8.9,
      8.8,
      8.7,
      8.8,
      9.0,
      9.1,
      9.0,
      8.3,
      8.2,
      8.0,
      7.7,
      7.2,
      7.3,
      7.7,
      8.4,
      8.5,
      8.1,
      8.1,
      7.9,
      7.6,
      7.2,
      7.1,
      7.2,
      6.9,
      6.7,
      6.3,
      6.4,
      6.6,
      6.6,
      6.8,
      7.2,
      7.6,
      7.7,
      7.9,
      7.8,
      7.8,
      7.9,
      7.9,
      8.1,
      8.3,
      8.3,
      8.0,
      7.6,
      7.3,
      7.1,
      6.5,
      6.3,
      6.3,
      6.4,
      6.8,
      6.8,
      6.8,
      7.3,
      7.6,
      7.8,
      7.9,
      7.8,
      7.8,
      7.6,
      7.2,
      6.3,
      5.7,
      5.4,
      5.3,
      5.2,
      4.9,
      4.9,
      5.1,
      5.0,
      4.5,
      4.1,
      3.7,
      3.9,
      4.8,
      6.1,
      7.7,
      8.8,
      9.4,
      9.9,
      9.8,
      9.7,
      8.9,
      8.2,
      7.5,
      7.1,
      6.5,
      6.4,
      6.1,
      5.9,
      5.1,
      4.4,
      4.3,
      4.2,
      3.9,
      4.0,
      4.0,
      4.4,
      5.0,
      5.7,
      6.5,
      7.1,
      9.0,
      8.9,
      8.6,
      8.2,
      7.8,
      7.4,
      7.0,
      6.8,
      6.6,
      6.5,
      6.6,
      6.6,
      6.7,
      6.9,
      6.9,
      6.9,
      6.8,
      6.7,
      4.3,
      4.4,
      4.8,
      6.1,
      7.7,
      8.9,
      9.2,
      9.1,
      8.9,
      8.7,
      8.4,
      8.3,
      8.6,
      9.0,
      9.4,
      9.5,
      9.6,
      9.5,
      9.3,
      8.9,
      8.4,
      7.8,
      7.1,
      6.6,
      6.3,
      6.2,
      6.4,
      7.3,
      8.5,
      9.5,
      10.1,
      10.4,
      10.4,
      10.1,
      9.5,
      8.7,
      7.6,
      6.2,
      5.0,
      4.2,
      3.6
    ],
    "relative_humidity_2m": [
      93,
      94,
      92,
      90,
      90,
      93,
      89,
      91,
      90,
      93,
      90,
      86,
      83,
      79,
      78,
      82,
      81,
      80,
      80,
      81,
      81,
      83,
      80,
      79,
      85,
      89,
      89,
      88,
      92,
      91,
      89,
      91,
      90,
      90,
      87,
      85,
      84,
      80,
      79,
      77,
      76,
      77,
      78,
      77,
      76,
      76,
      76,
      76,
      75,
      77,
      76,
      77,
      77,
      82,
      83,
      83,
      85,
      87,
      89,
      91,
      91,
      87,
      86,
      89,
      90,
      88,
      88,
      88,
      91,
      92,
      93,
      94,
      93,
      94,
      94,
      92,
      91,
      91,
      93,
      94,
      93,
      91,
      86,
      81,
      77,
      75,
      74,
      73,
      74,
      82,
      88,
      91,
      92,
      94,
      94,
      94,
      94,
      95,
      96,
      96,
      96,
      97,
      97,
      97,
      97,
      97,
      97,
      95,
      94,
      77,
      78,
      80,
      81,
      82,
      83,
      85,
      88,
      90,
      92,
      93,
      94,
      95,
      95,
      95,
      95,
      96,
      96,
      100,
      100,
      100,
      96,
      91,
      87,
      86,
      86,
      87,
      88,
      90,
      92,
      95,
      97,
      99,
      99,
      98,
      97,
      95,
      92,
      89,
      84,
      79,
      76,
      77,
      80,
      81,
      77,
      72,
      67,
      64,
      61,
      61,
      65,
      71,
      77,
      81,
      85,
      88,
      90,
      92
    ],
    "apparent_temperature": [
      5.7,
      5.1,
      4.7,
      5.0,
      4.8,
      4.8,
      4.7,
      4.8,
      4.7,
      5.1,
      4.4,
      4.1,
      3.7,
      3.9,
      3.8,
      3.4,
      2.9,
      2.7,
      2.7,
      2.5,
      2.5,
      2.9,
      3.4,
      3.5,
      3.4,
      3.4,
      3.1,
      2.9,
      2.3,
      2.2,
      2.2,
      2.1,
      1.7,
      1.1,
      1.0,
      1.2,
      1.1,
      1.1,
      1.5,
      2.1,
      2.4,
      2.8,
      2.7,
      2.7,
      2.8,
      2.8,
      2.9,
      3.0,
      2.7,
      2.5,
      2.6,
      2.4,
      2.4,
      1.8,
      1.6,
      1.7,
      2.0,
      2.5,
      2.7,
      3.2,
      4.0,
      2.6,
      3.0,
      3.5,
      3.7,
      4.0,
      4.0,
      3.5,
      2.8,
      2.1,
      1.7,
      1.3,
      1.2,
      1.1,
      0.9,
      1.0,
      0.9,
      0.5,
      0.2,
      0.1,
      -0.1,
      0.7,
      2.0,
      3.7,
      5.4,
      5.8,
      6.7,
      6.8,
      6.8,
      6.2,
      5.8,
      5.0,
      4.5,
      4.0,
      3.9,
      3.6,
      3.2,
      2.6,
      2.0,
      1.6,
      1.1,
      0.8,
      1.0,
      1.0,
      1.5,
      2.2,
      2.8,
      3.6,
      4.4,
      5.6,
      5.5,
      5.2,
      4.9,
      4.6,
      4.2,
      3.8,
      3.5,
      3.2,
      3.1,
      3.2,
      3.3,
      3.4,
      3.6,
      3.7,
      3.8,
      3.9,
      3.8,
      2.7,
      2.9,
      3.3,
      4.2,
      5.5,
      6.3,
      6.1,
      5.6,
      5.0,
      4.7,
      4.4,
      4.6,
      6.0,
      7.7,
      8.0,
      7.7,
      7.4,
      6.9,
      6.1,
      5.2,
      4.3,
      3.4,
      2.5,
      1.9,
      2.1,
      2.5,
      2.8,
      3.4,
      4.0,
      4.5,
      5.2,
      5.8,
      6.3,
      6.6,
      6.6,
      6.2,
      5.2,
      3.8,
      2.6,
      1.8,
      1.1
    ],
    "precipitation_probability": [
      6,
      18,
      30,
      42,
      32,
      23,
      13,
      12,
      11,
      10,
      12,
      14,
      16,
      21,
      27,
      32,
      28,
      23,
      19,
      14,
      8,
      3,
      15,
      27,
      39,
      39,
      39,
      39,
      37,
      34,
      32,
      22,
      13,
      3,
      2,
      1,
      0,
      0,
      0,
      0,
      0,
      0,
      0,
      0,
      0,
      0,
      0,
      0,
      0,
      6,
      13,
      19,
      29,
      38,
      48,
      55,
      61,
      68,
      75,
      83,
      90,
      87,
      84,
      81,
      81,
      81,
      81,
      77,
      72,
      68,
      59,
      51,
      42,
      42,
      42,
      42,
      39,
      35,
      32,
      27,
      21,
      16,
      21,
      27,
      32,
      40,
      47,
      55,
      50,
      44,
      39,
      29,
      20,
      10,
      10,
      10,
      10,
      10,
      10,
      10,
      10,
      10,
      10,
      8,
      5,
      3,
      12,
      20,
      29,
      34,
      40,
      45,
      44,
      43,
      42,
      33,
      25,
      16,
      18,
      21,
      23,
      23,
      23,
      23,
      19,
      14,
      10,
      15,
      21,
      26,
      26,
      26,
      26,
      35,
      43,
      52,
      48,
      43,
      39,
      31,
      24,
      16,
      21,
      27,
      32,
      32,
      32,
      32,
      31,
      30,
      29,
      33,
      38,
      42,
      45,
      49,
      52,
      59,
      67,
      74,
      63,
      53,
      42,
      38,
      33,
      29,
      29,
      29
    ],
    "precipitation": [
      0.30,
      1.40,
      1.20,
      0.10,
      0.00,
      0.00,
      0.00,
      0.00,
      0.10,
      0.30,
      0.20,
      0.00,
      0.00,
      0.00,
      0.00,
      0.00,
      0.00,
      0.00,
      0.00,
      0.00,
      0.00,
      0.00,
      0.00,
      0.00,
      0.10,
      0.30,
      0.20,
      0.20,
      0.50,
      0.50,
      0.20,
      0.30,
      0.10,
      0.00,
      0.00,
      0.00,
      0.00,
      0.00,
      0.00,
      0.00,
      0.00,
      0.00,
      0.00,
      0.00,
      0.00,
      0.00,
      0.00,
      0.00,
      0.00,
      0.00,
      0.00,
      0.00,
      0.00,
      0.00,
      0.00,
      0.00,
      0.10,
      0.10,
      0.10,
      0.00,
      0.40,
      0.00,
      0.00,
      0.20,
      0.10,
      0.00,
      0.00,
      0.00,
      0.00,
      0.00,
      0.00,
      0.00,
      0.00,
      0.00,
      0.00,
      0.00,
      0.00,
      0.00,
      0.00,
      0.00,
      0.00,
      0.00,
      0.00,
      0.00,
      0.00,
      0.00,
      0.00,
      0.00,
      0.00,
      0.30,
      0.30,
      0.10,
      0.10,
      0.00,
      0.00,
      0.00,
      0.00,
      0.00,
      0.00,
      0.00,
      0.00,
      0.00,
      0.00,
      0.00,
      0.00,
      0.00,
      0.00,
      0.00,
      0.00,
      0.00,
      0.00,
      0.00,
      0.00,
      0.00,
      0.00,
      0.60,
      0.60,
      0.60,
      0.90,
      0.90,
      0.90,
      1.40,
      1.40,
      1.40,
      0.50,
      0.50,
      0.50,
      0.00,
      0.00,
      0.00,
      0.00,
      0.00,
      0.00,
      0.10,
      0.10,
      0.10,
      0.00,
      0.00,
      0.00,
      0.00,
      0.00,
      0.00,
      0.00,
      0.00,
      0.00,
      0.00,
      0.00,
      0.00,
      0.00,
      0.00,
      0.00,
      0.00,
      0.00,
      0.00,
      0.00,
      0.00,
      0.00,
      0.00,
      0.00,
      0.00,
      0.00,
      0.00,
      0.00,
      0.00,
      0.00,
      0.00,
      0.00,
      0.00
    ],
    "weather_code": [
      51,
      61,
      55,
      51,
      3,
      3,
      3,
      3,
      51,
      51,
      51,
      3,
      3,
      3,
      3,
      3,
      3,
      3,
      3,
      3,
      3,
      3,
      3,
      3,
      51,
      51,
      51,
      51,
      53,
      53,
      51,
      51,
      51,
      3,
      3,
      3,
      3,
      3,
      3,
      3,
      3,
      3,
      3,
      3,
      3,
      3,
      3,
      3,
      3,
      3,
      3,
      3,
      3,
      3,
      3,
      3,
      51,
      51,
      51,
      3,
      51,
      3,
      3,
      51,
      51,
      2,
      2,
      2,
      2,
      2,
      2,
      3,
      2,
      3,
      3,
      3,
      2,
      2,
      2,
      2,
      1,
      1,
      1,
      1,
      2,
      2,
      2,
      3,
      3,
      51,
      51,
      51,
      51,
      3,
      3,
      3,
      2,
      3,
      3,
      3,
      3,
      2,
      2,
      3,
      3,
      3,
      3,
      3,
      3,
      3,
      3,
      3,
      3,
      3,
      3,
      61,
      61,
      61,
      61,
      61,
      61,
      55,
      55,
      55,
      61,
      61,
      61,
      45,
      45,
      45,
      3,
      3,
      3,
      61,
      61,
      61,
      3,
      3,
      3,
      3,
      3,
      3,
      3,
      3,
      3,
      61,
      61,
      61,
      3,
      3,
      3,
      3,
      3,
      3,
      3,
      3,
      3,
      1,
      1,
      1,
      0,
      0,
      0,
      0,
      0,
      0,
      1,
      1
    ],
    "wind_speed_10m": [
      26.3,
      28.5,
      29.8,
      25.7,
      26.8,
      24.1,
      24.7,
      24.8,
      24.5,
      21.1,
      24.0,
      26.8,
      29.4,
      28.4,
      27.6,
      25.6,
      27.6,
      27.1,
      25.1,
      23.1,
      23.1,
      24.6,
      26.1,
      25.9,
      25.3,
      25.9,
      26.5,
      25.1,
      26.6,
      26.0,
      26.6,
      25.2,
      25.9,
      26.6,
      27.7,
      27.4,
      28.1,
      28.9,
      28.5,
      27.7,
      26.7,
      25.2,
      25.1,
      25.6,
      25.0,
      25.1,
      26.0,
      27.1,
      28.5,
      27.9,
      23.9,
      23.5,
      21.5,
      22.5,
      22.4,
      21.2,
      20.4,
      20.8,
      19.5,
      16.9,
      15.7,
      26.4,
      25.6,
      24.0,
      21.9,
      19.5,
      18.1,
      17.6,
      15.8,
      15.4,
      16.5,
      18.3,
      17.7,
      16.7,
      18.0,
      18.7,
      17.6,
      16.6,
      16.0,
      14.0,
      16.2,
      17.3,
      18.4,
      18.4,
      18.6,
      17.6,
      16.1,
      13.1,
      11.6,
      12.0,
      10.1,
      10.7,
      10.9,
      9.7,
      9.8,
      9.7,
      9.9,
      8.0,
      6.6,
      8.5,
      10.7,
      10.5,
      10.9,
      10.7,
      9.9,
      10.7,
      12.5,
      12.7,
      12.3,
      15.3,
      15.3,
      15.3,
      14.8,
      13.8,
      13.1,
      13.6,
      14.2,
      15.0,
      15.5,
      15.7,
      15.9,
      16.3,
      16.3,
      15.6,
      14.4,
      13.6,
      13.7,
      1.8,
      1.1,
      1.8,
      5.1,
      8.7,
      12.4,
      15.7,
      18.8,
      20.9,
      22.0,
      22.2,
      20.4,
      14.0,
      6.6,
      8.0,
      11.3,
      14.2,
      16.6,
      19.0,
      21.4,
      22.6,
      22.0,
      21.5,
      20.8,
      17.5,
      14.4,
      14.1,
      16.6,
      21.4,
      24.4,
      23.1,
      20.4,
      17.3,
      14.3,
      11.2,
      8.7,
      7.3,
      6.2,
      5.5,
      5.0,
      5.0
    ],
    "wind_gusts_10m": [
      49.3,
      52.9,
      55.8,
      56.2,
      51.8,
      51.1,
      56.2,
      53.6,
      54.7,
      58.7,
      50.0,
      53.6,
      55.4,
      55.4,
      53.3,
      51.5,
      51.8,
      51.8,
      51.5,
      48.2,
      45.0,
      47.2,
      49.7,
      51.8,
      50.8,
      51.1,
      51.1,
      54.7,
      53.6,
      55.1,
      53.6,
      58.3,
      51.5,
      51.5,
      53.6,
      53.6,
      54.4,
      56.2,
      55.4,
      54.4,
      53.3,
      52.6,
      49.3,
      50.4,
      49.3,
      49.0,
      51.5,
      52.6,
      55.1,
      55.1,
      54.0,
      46.4,
      45.4,
      44.6,
      43.9,
      43.6,
      40.7,
      40.0,
      40.3,
      37.8,
      32.8,
      42.1,
      42.1,
      40.3,
      37.8,
      34.6,
      30.2,
      27.4,
      26.6,
      23.4,
      24.5,
      27.0,
      27.0,
      26.3,
      27.0,
      28.4,
      28.4,
      26.3,
      24.8,
      23.4,
      24.5,
      27.0,
      29.5,
      31.0,
      32.0,
      32.0,
      30.6,
      28.4,
      22.7,
      19.1,
      18.0,
      15.8,
      16.2,
      15.5,
      13.7,
      13.7,
      14.4,
      14.4,
      11.2,
      11.9,
      15.8,
      15.8,
      15.8,
      15.8,
      15.5,
      16.9,
      20.2,
      20.9,
      20.9,
      23.0,
      24.1,
      24.8,
      24.1,
      23.8,
      23.0,
      23.4,
      24.1,
      24.5,
      24.8,
      25.2,
      25.6,
      25.9,
      26.6,
      27.0,
      25.2,
      23.8,
      22.0,
      4.7,
      4.3,
      4.3,
      9.4,
      14.8,
      19.8,
      24.1,
      28.8,
      33.1,
      33.5,
      34.2,
      34.6,
      29.2,
      23.4,
      18.0,
      20.5,
      23.4,
      25.9,
      29.2,
      32.8,
      36.0,
      35.3,
      34.9,
      34.2,
      30.2,
      25.9,
      22.0,
      28.1,
      34.6,
      40.7,
      37.8,
      35.3,
      32.4,
      28.1,
      24.1,
      19.8,
      16.2,
      12.2,
      8.6,
      8.3,
      8.3
    ]
  }
}
