{
  "latitude": 40.685307,
  "longitude": -74.14865,
  "generationtime_ms": 0.21898746490478516,
  "utc_offset_seconds": 0,
  "timezone": "GMT",
  "timezone_abbreviation": "GMT",
  "elevation": 0.0,
  "hourly_units": {
    "time": "iso8601",
    "temperature_2m": "°C",
    "relative_humidity_2m": "%",
    "apparent_temperature": "°C",
    "precipitation_probability": "%",
    "precipitation": "mm",
    "weather_code": "wmo code",
    "wind_speed_10m": "km/h",
    "wind_gusts_10m": "km/h"
  },
  "hourly": {
    "time": [
      "TodayT00:00",
      "TodayT01:00",
      "TodayT02:00",
      "TodayT03:00",
      "TodayT04:00",
      "TodayT05:00",
      "TodayT06:00",
      "TodayT07:00",
      "TodayT08:00",
      "TodayT09:00",
      "TodayT10:00",
      "TodayT11:00",
      "TodayT12:00",
      "TodayT13:00",
      "TodayT14:00",
      "TodayT15:00",
      "TodayT16:00",
      "TodayT17:00",
      "TodayT18:00",
      "TodayT19:00",
      "TodayT20:00",
      "TodayT21:00",
      "TodayT22:00",
      "TodayT23:00",
      "Today+1T00:00",
      "Today+1T01:00",
      "Today+1T02:00",
      "Today+1T03:00",
      "Today+1T04:00",
      "Today+1T05:00",
      "Today+1T06:00",
      "Today+1T07:00",
      "Today+1T08:00",
      "Today+1T09:00",
      "Today+1T10:00",
      "Today+1T11:00",
      "Today+1T12:00",
      "Today+1T13:00",
      "Today+1T14:00",
      "Today+1T15:00",
      "Today+1T16:00",
      "Today+1T17:00",
      "Today+1T18:00",
      "Today+1T19:00",
      "Today+1T20:00",
      "Today+1T21:00",
      "Today+1T22:00",
      "Today+1T23:00",
      "Today+2T00:00",
      "Today+2T01:00",
      "Today+2T02:00",
      "Today+2T03:00",
      "Today+2T04:00",
      "Today+2T05:00",
      "Today+2T06:00",
      "Today+2T07:00",
      "Today+2T08:00",
      "Today+2T09:00",
      "Today+2T10:00",
      "Today+2T11:00",
      "Today+2T12:00",
      "Today+2T13:00",
      "Today+2T14:00",
      "Today+2T15:00",
      "Today+2T16:00",
      "Today+2T17:00",
      "Today+2T18:00",
      "Today+2T19:00",
      "Today+2T20:00",
      "Today+2T21:00",
      "Today+2T22:00",
      "Today+2T23:00",
      "Today+3T00:00",
      "Today+3T01:00",
      "Today+3T02:00",
      "Today+3T03:00",
      "Today+3T04:00",
      "Today+3T05:00",
      "Today+3T06:00",
      "Today+3T07:00",
      "Today+3T08:00",
      "Today+3T09:00",
      "Today+3T10:00",
      "Today+3T11:00",
      "Today+3T12:00",
      "Today+3T13:00",
      "Today+3T14:00",
      "Today+3T15:00",
      "Today+3T16:00",
      "Today+3T17:00",
      "Today+3T18:00",
      "Today+3T19:00",
      "Today+3T20:00",
      "Today+3T21:00",
      "Today+3T22:00",
      "Today+3T23:00",
      "Today+4T00:00",
      "Today+4T01:00",
      "Today+4T02:00",
      "Today+4T03:00",
      "Today+4T04:00",
      "Today+4T05:00",
      "Today+4T06:00",
      "Today+4T07:00",
      "Today+4T08:00",
      "Today+4T09:00",
      "Today+4T10:00",
      "Today+4T11:00",
      "Today+4T12:00",
      "Today+4T13:00",
      "Today+4T14:00",
      "Today+4T15:00",
      "Today+4T16:00",
      "Today+4T17:00",
      "Today+4T18:00",
      "Today+4T19:00",
      "Today+4T20:00",
      "Today+4T21:00",
      "Today+4T22:00",
      "Today+4T23:00",
      "Today+5T00:00",
      "Today+5T01:00",
      "Today+5T02:00",
      "Today+5T03:00",
      "Today+5T04:00",
      "Today+5T05:00",
      "Today+5T06:00",
      "Today+5T07:00",
      "Today+5T08:00",
      "Today+5T09:00",
      "Today+5T10:00",
      "Today+5T11:00",
      "Today+5T12:00",
      "Today+5T13:00",
      "Today+5T14:00",
      "Today+5T15:00",
      "Today+5T16:00",
      "Today+5T17:00",
      "Today+5T18:00",
      "Today+5T19:00",
      "Today+5T20:00",
      "Today+5T21:00",
      "Today+5T22:00",
      "Today+5T23:00",
      "Today+6T00:00",
      "Today+6T01:00",
      "Today+6T02:00",
      "Today+6T03:00",
      "Today+6T04:00",
      "Today+6T05:00",
      "Today+6T06:00",
      "Today+6T07:00",
      "Today+6T08:00",
      "Today+6T09:00",
      "Today+6T10:00",
      "Today+6T11:00",
      "Today+6T12:00",
      "Today+6T13:00",
      "Today+6T14:00",
      "Today+6T15:00",
      "Today+6T16:00",
      "Today+6T17:00",
      "Today+6T18:00",
      "Today+6T19:00",
      "Today+6T20:00",
      "Today+6T21:00",
      "Today+6T22:00",
      "Today+6T23:00"
    ],
    "temperature_2m": [
      8.3,
      8.0,
      8.1,
      8.3,
      8.3,
      8.6,
      9.5,
      9.9,
      10.4,
      10.5,
      10.3,
      9.8,
      9.1,
      8.7,
      8.9,
      10.1,
      11.1,
      10.1,
      9.4,
      9.4,
      9.7,
      9.8,
      9.2,
      8.8,
      7.8,
      7.2,
      6.4,
      5.8,
      5.4,
      5.0,
      4.5,
      4.0,
      3.5,
      3.0,
      2.3,
      1.8,
      2.1,
      4.0,
      5.5,
      6.5,
      7.6,
      8.4,
      9.2,
      9.6,
      9.1,
      8.8,
      7.6,
      6.1,
      5.5,
      5.3,
      4.9,
      4.9,
      4.8,
      4.9,
      4.6,
      5.7,
      5.5,
      5.4,
      5.3,
      5.3,
      5.3,
      5.7,
      6.0,
      6.5,
      6.9,
      6.7,
      7.0,
      7.0,
      6.7,
      6.6,
      6.9,
      7.3,
      7.8,
      7.8,
      8.1,
      8.6,
      9.1,
      9.2,
      9.5,
      10.0,
      10.7,
      10.8,
      10.6,
      10.6,
      10.6,
      9.6,
      8.8,
      8.4,
      9.2,
      10.9,
      10.5,
      10.2,
      9.4,
      9.0,
      7.8,
      6.8,
      5.9,
      5.1,
      4.3,
      3.5,
      3.1,
      2.4,
      2.1,
      2.1,
      2.1,
      2.1,
      2.2,
      2.2,
      2.2,
      3.0,
      4.0,
      5.5,
      6.7,
      7.5,
      8.2,
      8.8,
      8.8,
      8.5,
      8.3,
      7.4,
      6.7,
      6.3,
      5.9,
      5.5,
      5.1,
      4.7,
      4.4,
      4.1,
      3.8,
      3.7,
      3.5,
      3.3,
      3.7,
      4.8,
      6.4,
      8.0,
      9.4,
      10.8,
      11.9,
      12.5,
      12.8,
      12.6,
      11.7,
      10.3,
      9.0,
      8.0,
      7.1,
      6.4,
      5.8,
      5.4,
      5.1,
      4.8,
      4.6,
      4.4,
      4.1,
      3.8,
      4.2,
      5.5,
      7.4,
      9.3,
      11.0,
      12.7,
      14.0,
      14.8,
      15.1,
      15.1,
      14.4,
      13.3
    ],
    "relative_humidity_2m": [
      93,
      93,
      93,
      94,
      94,
      95,
      94,
      94,
      93,
      90,
      86,
      87,
      89,
      89,
      88,
      88,
      85,
      86,
      87,
      87,
      86,
      85,
      84,
      86,
      87,
      87,
      88,
      88,
      88,
      89,
      89,
      89,
      90,
      91,
      92,
      92,
      92,
      87,
      79,
      73,
      73,
      72,
      71,
      73,
      74,
      75,
      86,
      88,
      89,
      90,
      90,
      91,
      91,
      91,
      90,
      71,
      72,
      73,
      75,
      77,
      78,
      74,
      72,
      70,
      72,
      75,
      75,
      77,
      82,
      83,
      83,
      83,
      84,
      87,
      89,
      91,
      94,
      97,
      97,
      98,
      97,
      98,
      98,
      94,
      81,
      73,
      67,
      62,
      55,
      42,
      38,
      34,
      36,
      38,
      43,
      44,
      45,
      49,
      54,
      59,
      53,
      56,
      58,
      54,
      52,
      54,
      54,
      53,
      53,
      50,
      46,
      43,
      40,
      40,
      39,
      39,
      40,
      42,
      43,
      42,
      38,
      37,
      38,
      37,
      38,
      39,
      41,
      41,
      41,
      41,
      40,
      39,
      37,
      33,
      29,
      25,
      23,
      21,
      20,
      20,
      20,
      22,
      26,
      30,
      34,
      36,
      36,
      37,
      38,
      40,
      42,
      44,
      47,
      49,
      52,
      54,
      54,
      50,
      44,
      38,
      34,
      30,
      27,
      25,
      25,
      26,
      29,
      34
    ],
    "apparent_temperature": [
      5.5,
      4.9,
      5.1,
      6.1,
      6.0,
      6.9,
      8.1,
      8.1,
      8.2,
      7.4,
      7.0,
      6.4,
      5.5,
      4.4,
      4.9,
      6.2,
      7.2,
      6.8,
      5.8,
      6.0,
      6.5,
      6.2,
      5.5,
      5.4,
      4.5,
      3.6,
      2.7,
      2.0,
      1.5,
      1.3,
      0.7,
      0.1,
      -0.2,
      -0.5,
      -0.8,
      -1.3,
      -1.3,
      0.1,
      1.9,
      3.1,
      5.0,
      6.2,
      7.7,
      8.2,
      6.7,
      6.4,
      5.1,
      3.7,
      3.0,
      2.6,
      2.0,
      2.1,
      2.0,
      2.1,
      1.6,
      1.7,
      1.4,
      1.4,
      1.3,
      1.2,
      1.0,
      0.9,
      1.1,
      1.5,
      1.9,
      1.7,
      1.8,
      2.3,
      2.0,
      1.2,
      1.4,
      1.7,
      2.5,
      2.2,
      3.2,
      4.1,
      4.8,
      4.7,
      5.1,
      6.1,
      7.5,
      9.2,
      9.8,
      8.8,
      6.8,
      5.3,
      3.7,
      3.2,
      4.2,
      5.6,
      4.2,
      3.0,
      2.6,
      2.3,
      1.3,
      0.4,
      -0.8,
      -1.6,
      -2.1,
      -2.8,
      -3.3,
      -4.1,
      -4.4,
      -4.7,
      -5.0,
      -4.6,
      -4.6,
      -4.8,
      -4.9,
      -4.3,
      -3.5,
      -2.0,
      -0.3,
      0.6,
      1.5,
      2.0,
      1.8,
      1.6,
      1.8,
      0.7,
      -0.3,
      -0.5,
      -0.7,
      -1.3,
      -1.6,
      -2.0,
      -2.1,
      -2.4,
      -2.7,
      -2.9,
      -3.0,
      -3.1,
      -2.9,
      -1.9,
      -0.6,
      0.8,
      2.7,
      4.3,
      5.4,
      6.0,
      6.0,
      5.8,
      5.1,
      3.8,
      2.6,
      1.8,
      1.1,
      0.6,
      0.1,
      -0.1,
      -0.4,
      -0.6,
      -0.8,
      -0.9,
      -1.1,
      -1.4,
      -1.0,
      0.4,
      2.4,
      4.3,
      6.7,
      8.7,
      10.1,
      10.4,
      10.1,
      10.1,
      10.1,
      9.8
    ],
    "precipitation_probability": [
      100,
      100,
      100,
      100,
      100,
      100,
      100,
      84,
      68,
      52,
      50,
      47,
      45,
      35,
      26,
      16,
      16,
      16,
      16,
      21,
      27,
      32,
      22,
      13,
      3,
      2,
      1,
      0,
      0,
      0,
      0,
      0,
      0,
      0,
      0,
      0,
      0,
      0,
      0,
      0,
      0,
      0,
      0,
      0,
      0,
      0,
      0,
      0,
      0,
      0,
      0,
      0,
      0,
      0,
      0,
      0,
      0,
      0,
      0,
      0,
      0,
      0,
      0,
      0,
      3,
      7,
      10,
      17,
      25,
      32,
      48,
      65,
      81,
      85,
      90,
      94,
      96,
      98,
      100,
      100,
      100,
      100,
      87,
      74,
      61,
      48,
      36,
      23,
      17,
      12,
      6,
      9,
      13,
      16,
      16,
      16,
      16,
      11,
      5,
      0,
      1,
      2,
      3,
      2,
      1,
      0,
      0,
      0,
      0,
      0,
      0,
      0,
      0,
      0,
      0,
      0,
      0,
      0,
      0,
      0,
      0,
      0,
      0,
      0,
      0,
      0,
      0,
      0,
      0,
      0,
      0,
      0,
      0,
      0,
      0,
      0,
      0,
      0,
      0,
      0,
      0,
      0,
      0,
      0,
      0,
      1,
      2,
      3,
      3,
      3,
      3,
      2,
      1,
      0,
      0,
      0,
      0,
      1,
      2,
      3,
      4,
      5,
      6,
      6,
      6,
      6,
      6,
      6
    ],
    "precipitation": [
      2.50,
      2.20,
      0.40,
      0.70,
      3.60,
      0.00,
      0.00,
      2.20,
      1.40,
      0.00,
      0.00,
      0.00,
      0.00,
      0.00,
      0.00,
      0.00,
      0.00,
      0.00,
      0.00,
      0.00,
      0.00,
      0.00,
      0.00,
      0.00,
      0.00,
      0.00,
      0.00,
      0.00,
      0.00,
      0.00,
      0.00,
      0.00,
      0.00,
      0.00,
      0.00,
      0.00,
      0.00,
      0.00,
      0.00,
      0.00,
      0.00,
      0.00,
      0.00,
      0.00,
      0.00,
      0.00,
      0.00,
      0.00,
      0.00,
      0.00,
      0.00,
      0.00,
      0.00,
      0.00,
      0.00,
      0.00,
      0.00,
      0.00,
      0.00,
      0.00,
      0.00,
      0.00,
      0.00,
      0.00,
      0.00,
      0.00,
      0.00,
      0.00,
      0.00,
      0.00,
      0.00,
      0.10,
      0.00,
      0.10,
      0.60,
      3.30,
      2.30,
      2.30,
      5.10,
      5.60,
      3.00,
      3.50,
      0.70,
      0.00,
      0.00,
      0.00,
      0.00,
      0.00,
      0.00,
      0.00,
      0.00,
      0.00,
      0.00,
      0.00,
      0.00,
      0.00,
      0.00,
      0.00,
      0.00,
      0.00,
      0.00,
      0.00,
      0.00,
      0.00,
      0.00,
      0.00,
      0.00,
      0.00,
      0.00,
      0.00,
      0.00,
      0.00,
      0.00,
      0.00,
      0.00,
      0.00,
      0.00,
      0.00,
      0.00,
      0.00,
      0.00,
      0.00,
      0.00,
      0.00,
      0.00,
      0.00,
      0.00,
      0.00,
      0.00,
      0.00,
      0.00,
      0.00,
      0.00,
      0.00,
      0.00,
      0.00,
      0.00,
      0.00,
      0.00,
      0.00,
      0.00,
      0.00,
      0.00,
      0.00,
      0.00,
      0.00,
      0.00,
      0.00,
      0.00,
      0.00,
      0.00,
      0.00,
      0.00,
      0.00,
      0.00,
      0.00,
      0.00,
      0.00,
      0.00,
      0.00,
      0.00,
      0.00,
      0.00,
      0.00,
      0.00,
      0.00,
      0.00,
      0.00
    ],
    "weather_code": [
      63,
      61,
      51,
      53,
      63,
      3,
      3,
      61,
      61,
      3,
      3,
      3,
      3,
      3,
      3,
      3,
      3,
      3,
      3,
      3,
      3,
      3,
      3,
      3,
      3,
      3,
      0,
      0,
      0,
      0,
      0,
      3,
      2,
      0,
      0,
      0,
      0,
      0,
      0,
      1,
      1,
      1,
      1,
      3,
      3,
      3,
      3,
      3,
      3,
      3,
      3,
      3,
      3,
      3,
      3,
      3,
      3,
      3,
      3,
      3,
      3,
      3,
      3,
      3,
      3,
      3,
      3,
      3,
      3,
      3,
      3,
      51,
      3,
      51,
      53,
      63,
      61,
      61,
      63,
      63,
      63,
      81,
      53,
      2,
      3,
      3,
      3,
      3,
      3,
      2,
      2,
      3,
      1,
      3,
      0,
      2,
      1,
      2,
      0,
      3,
      3,
      3,
      3,
      3,
      3,
      3,
      3,
      3,
      3,
      3,
      2,
      0,
      0,
      0,
      0,
      0,
      0,
      0,
      0,
      0,
      0,
      0,
      0,
      0,
      0,
      0,
      0,
      0,
      0,
      0,
      0,
      0,
      0,
      0,
      0,
      0,
      0,
      0,
      0,
      0,
      0,
      0,
      0,
      0,
      0,
      1,
      2,
      3,
      3,
      2,
      2,
      2,
      1,
      1,
      1,
      1,
      1,
      1,
      1,
      0,
      1,
      1,
      1,
      1,
      1,
      1,
      2,
      3
    ],
    "wind_speed_10m": [
      14.1,
      15.7,
      15.1,
      10.5,
      10.5,
      7.9,
      7.2,
      10.3,
      13.7,
      19.1,
      18.5,
      18.6,
      20.2,
      24.1,
      22.5,
      23.5,
      23.8,
      18.5,
      20.1,
      18.4,
      17.4,
      20.4,
      19.1,
      17.3,
      15.4,
      16.0,
      16.1,
      16.3,
      16.4,
      14.5,
      14.2,
      14.4,
      13.0,
      10.7,
      7.3,
      7.2,
      9.7,
      14.1,
      12.1,
      11.3,
      11.5,
      11.0,
      8.2,
      5.9,
      8.0,
      7.3,
      9.6,
      7.4,
      7.0,
      8.1,
      9.4,
      8.4,
      8.4,
      8.7,
      10.0,
      13.8,
      14.5,
      14.3,
      14.3,
      14.8,
      16.6,
      19.6,
      20.4,
      21.1,
      21.9,
      22.2,
      23.9,
      21.4,
      21.7,
      27.0,
      27.8,
      29.3,
      28.0,
      31.1,
      27.2,
      25.5,
      26.0,
      28.6,
      27.9,
      26.3,
      22.0,
      11.4,
      5.7,
      11.8,
      21.1,
      21.1,
      23.7,
      22.7,
      20.2,
      23.1,
      29.9,
      30.3,
      27.4,
      27.0,
      26.3,
      24.9,
      26.3,
      26.7,
      25.0,
      24.5,
      24.0,
      24.8,
      25.1,
      26.1,
      27.8,
      25.7,
      26.4,
      27.6,
      28.1,
      29.7,
      30.9,
      31.2,
      31.9,
      33.4,
      33.3,
      32.9,
      31.4,
      29.0,
      26.3,
      27.0,
      27.7,
      25.4,
      24.5,
      24.9,
      24.5,
      24.5,
      23.2,
      23.2,
      23.4,
      23.4,
      22.9,
      22.4,
      22.6,
      23.6,
      25.4,
      26.7,
      27.9,
      28.8,
      28.8,
      27.8,
      26.3,
      25.0,
      24.5,
      24.4,
      23.9,
      22.4,
      20.9,
      19.1,
      18.1,
      17.3,
      16.8,
      16.5,
      16.8,
      17.1,
      17.1,
      17.1,
      16.9,
      16.5,
      16.2,
      15.8,
      15.4,
      15.1,
      14.8,
      15.3,
      16.0,
      15.4,
      12.0,
      7.2
    ],
    "wind_gusts_10m": [
      32.4,
      33.1,
      28.8,
      24.8,
      21.6,
      26.3,
      24.8,
      34.6,
      45.0,
      44.3,
      40.3,
      45.0,
      54.7,
      55.4,
      53.6,
      51.1,
      49.0,
      38.9,
      44.3,
      43.9,
      44.3,
      51.8,
      49.3,
      42.1,
      40.7,
      41.0,
      41.8,
      43.6,
      43.2,
      41.0,
      38.9,
      39.6,
      37.1,
      25.6,
      23.8,
      18.7,
      24.1,
      29.5,
      28.4,
      21.2,
      19.8,
      16.6,
      11.2,
      7.9,
      9.0,
      8.6,
      11.9,
      13.7,
      17.6,
      21.2,
      21.2,
      23.0,
      22.3,
      20.5,
      21.2,
      22.3,
      23.8,
      23.8,
      23.4,
      24.1,
      25.9,
      27.7,
      28.1,
      27.4,
      28.4,
      32.0,
      34.6,
      34.2,
      39.2,
      49.7,
      55.1,
      57.6,
      56.9,
      60.5,
      59.8,
      57.6,
      58.7,
      62.3,
      63.0,
      60.8,
      54.4,
      27.4,
      6.8,
      32.8,
      40.0,
      36.0,
      37.8,
      36.4,
      32.4,
      33.1,
      36.7,
      40.7,
      42.1,
      43.2,
      42.8,
      42.5,
      43.2,
      41.4,
      42.1,
      43.6,
      43.2,
      47.2,
      49.3,
      55.1,
      58.0,
      57.6,
      58.0,
      61.9,
      62.3,
      64.4,
      65.5,
      65.2,
      62.6,
      60.8,
      58.7,
      63.0,
      65.9,
      68.8,
      69.1,
      69.8,
      69.1,
      67.3,
      65.9,
      65.2,
      63.4,
      63.0,
      59.0,
      59.8,
      61.2,
      62.3,
      61.9,
      60.5,
      59.4,
      58.7,
      58.3,
      57.2,
      55.1,
      52.6,
      50.8,
      51.1,
      52.6,
      53.6,
      54.4,
      54.4,
      54.0,
      52.2,
      50.0,
      47.9,
      46.1,
      44.3,
      43.6,
      44.3,
      45.4,
      46.8,
      48.6,
      50.0,
      49.0,
      43.2,
      34.9,
      28.1,
      24.8,
      23.0,
      22.0,
      21.2,
      20.9,
      20.2,
      18.0,
      15.5
    ]
  }
}
