{
  "latitude": 40.685307,
  "longitude": -74.14865,
  "generationtime_ms": 0.3650188446044922,
  "utc_offset_seconds": 0,
  "timezone": "GMT",
  "timezone_abbreviation": "GMT",
  "elevation": 0.0,
  "daily_units": {
    "time": "iso8601",
    "weather_code": "wmo code",
    "temperature_2m_max": "°C",
    "temperature_2m_min": "°C",
    "apparent_temperature_max": "°C",
    "apparent_temperature_min": "°C",
    "sunrise": "iso8601",
    "sunset": "iso8601",
    "precipitation_hours": "h",
    "precipitation_probability_max": "%",
    "wind_speed_10m_max": "km/h",
    "wind_gusts_10m_max": "km/h",
    "wind_direction_10m_dominant": "°"
  },
  "daily": {
    "time": [
      "Today",
      "Today+1",
      "Today+2",
      "Today+3",
      "Today+4",
      "Today+5",
      "Today+6"
    ],
    "weather_code": [
      63,
      3,
      53,
      81,
      3,
      1,
      3
    ],
    "temperature_2m_max": [
      10.5,
      8.6,
      7.3,
      10.9,
      8.8,
      12.8,
      15.1
    ],
    "temperature_2m_min": [
      8.0,
      2.2,
      2.5,
      6.8,
      2.1,
      3.3,
      3.8
    ],
    "apparent_temperature_max": [
      8.2,
      6.6,
      2.3,
      9.8,
      1.9,
      6.1,
      10.7
    ],
    "apparent_temperature_min": [
      4.8,
      -1.2,
      -1.2,
      0.4,
      -5.0,
      -3.1,
      -1.4
    ],
    "sunrise": [
      "TodayT11:19",
      "Today+1T11:18",
      "Today+2T11:16",
      "Today+3T11:14",
      "Today+4T11:13",
      "Today+5T11:11",
      "Today+6T11:10"
    ],
    "sunset": [
      "TodayT22:54",
      "Today+1T22:56",
      "Today+2T22:57",
      "Today+3T22:58",
      "Today+4T22:59",
      "Today+5T23:00",
      "Today+6T23:01"
    ],
    "precipitation_hours": [
      7.0,
      0.0,
      4.0,
      7.0,
      0.0,
      0.0,
      0.0
    ],
    "precipitation_probability_max": [
      100,
      3,
      65,
      100,
      16,
      0,
      6
    ],
    "wind_speed_10m_max": [
      26.3,
      18.1,
      29.3,
      31.1,
      33.4,
      28.8,
      23.9
    ],
    "wind_gusts_10m_max": [
      63.0,
      43.9,
      57.6,
      63.0,
      69.8,
      69.1,
      54.0
    ],
    "wind_direction_10m_dominant": [
      357,
      18,
      126,
      226,
      292,
      305,
      320
    ]
  }
}
