{
  "latitude": 48.86,
  "longitude": 2.2599998,
  "generationtime_ms": 0.29599666595458984,
  "utc_offset_seconds": 0,
  "timezone": "GMT",
  "timezone_abbreviation": "GMT",
  "elevation": 55.0,
  "hourly_units": {
    "time": "iso8601",
    "temperature_2m": "°C",
    "relative_humidity_2m": "%",
    "apparent_temperature": "°C",
    "precipitation_probability": "%",
    "precipitation": "mm",
    "weather_code": "wmo code",
    "wind_speed_10m": "km/h",
    "wind_gusts_10m": "km/h"
  },
  "hourly": {
    "time": [
      "TodayT00:00",
      "TodayT01:00",
      "TodayT02:00",
      "TodayT03:00",
      "TodayT04:00",
      "TodayT05:00",
      "TodayT06:00",
      "TodayT07:00",
      "TodayT08:00",
      "TodayT09:00",
      "TodayT10:00",
      "TodayT11:00",
      "TodayT12:00",
      "TodayT13:00",
      "TodayT14:00",
      "TodayT15:00",
      "TodayT16:00",
      "TodayT17:00",
      "TodayT18:00",
      "TodayT19:00",
      "TodayT20:00",
      "TodayT21:00",
      "TodayT22:00",
      "TodayT23:00",
      "Today+1T00:00",
      "Today+1T01:00",
      "Today+1T02:00",
      "Today+1T03:00",
      "Today+1T04:00",
      "Today+1T05:00",
      "Today+1T06:00",
      "Today+1T07:00",
      "Today+1T08:00",
      "Today+1T09:00",
      "Today+1T10:00",
      "Today+1T11:00",
      "Today+1T12:00",
      "Today+1T13:00",
      "Today+1T14:00",
      "Today+1T15:00",
      "Today+1T16:00",
      "Today+1T17:00",
      "Today+1T18:00",
      "Today+1T19:00",
      "Today+1T20:00",
      "Today+1T21:00",
      "Today+1T22:00",
      "Today+1T23:00",
      "Today+2T00:00",
      "Today+2T01:00",
      "Today+2T02:00",
      "Today+2T03:00",
      "Today+2T04:00",
      "Today+2T05:00",
      "Today+2T06:00",
      "Today+2T07:00",
      "Today+2T08:00",
      "Today+2T09:00",
      "Today+2T10:00",
      "Today+2T11:00",
      "Today+2T12:00",
      "Today+2T13:00",
      "Today+2T14:00",
      "Today+2T15:00",
      "Today+2T16:00",
      "Today+2T17:00",
      "Today+2T18:00",
      "Today+2T19:00",
      "Today+2T20:00",
      "Today+2T21:00",
      "Today+2T22:00",
      "Today+2T23:00",
      "Today+3T00:00",
      "Today+3T01:00",
      "Today+3T02:00",
      "Today+3T03:00",
      "Today+3T04:00",
      "Today+3T05:00",
      "Today+3T06:00",
      "Today+3T07:00",
      "Today+3T08:00",
      "Today+3T09:00",
      "Today+3T10:00",
      "Today+3T11:00",
      "Today+3T12:00",
      "Today+3T13:00",
      "Today+3T14:00",
      "Today+3T15:00",
      "Today+3T16:00",
      "Today+3T17:00",
      "Today+3T18:00",
      "Today+3T19:00",
      "Today+3T20:00",
      "Today+3T21:00",
      "Today+3T22:00",
      "Today+3T23:00",
      "Today+4T00:00",
      "Today+4T01:00",
      "Today+4T02:00",
      "Today+4T03:00",
      "Today+4T04:00",
      "Today+4T05:00",
      "Today+4T06:00",
      "Today+4T07:00",
      "Today+4T08:00",
      "Today+4T09:00",
      "Today+4T10:00",
      "Today+4T11:00",
      "Today+4T12:00",
      "Today+4T13:00",
      "Today+4T14:00",
      "Today+4T15:00",
      "Today+4T16:00",
      "Today+4T17:00",
      "Today+4T18:00",
      "Today+4T19:00",
      "Today+4T20:00",
      "Today+4T21:00",
      "Today+4T22:00",
      "Today+4T23:00",
      "Today+5T00:00",
      "Today+5T01:00",
      "Today+5T02:00",
      "Today+5T03:00",
      "Today+5T04:00",
      "Today+5T05:00",
      "Today+5T06:00",
      "Today+5T07:00",
      "Today+5T08:00",
      "Today+5T09:00",
      "Today+5T10:00",
      "Today+5T11:00",
      "Today+5T12:00",
      "Today+5T13:00",
      "Today+5T14:00",
      "Today+5T15:00",
      "Today+5T16:00",
      "Today+5T17:00",
      "Today+5T18:00",
      "Today+5T19:00",
      "Today+5T20:00",
      "Today+5T21:00",
      "Today+5T22:00",
      "Today+5T23:00",
      "Today+6T00:00",
      "Today+6T01:00",
      "Today+6T02:00",
      "Today+6T03:00",
      "Today+6T04:00",
      "Today+6T05:00",
      "Today+6T06:00",
      "Today+6T07:00",
      "Today+6T08:00",
      "Today+6T09:00",
      "Today+6T10:00",
      "Today+6T11:00",
      "Today+6T12:00",
      "Today+6T13:00",
      "Today+6T14:00",
      "Today+6T15:00",
      "Today+6T16:00",
      "Today+6T17:00",
      "Today+6T18:00",
      "Today+6T19:00",
      "Today+6T20:00",
      "Today+6T21:00",
      "Today+6T22:00",
      "Today+6T23:00"
    ],
    "temperature_2m": [
      4.9,
      4.4,
      3.8,
      3.1,
      2.6,
      2.1,
      2.7,
      2.6,
      3.3,
      6.3,
      8.6,
      10.5,
      12.3,
      13.1,
      13.3,
      12.9,
      12.3,
      11.6,
      10.7,
      9.5,
      8.7,
      7.7,
      6.9,
      5.9,
      5.1,
      4.5,
      4.1,
      3.6,
      3.0,
      2.5,
      2.0,
      1.9,
      3.0,
      4.9,
      7.4,
      9.9,
      11.8,
      12.8,
      13.5,
      14.0,
      13.7,
      13.1,
      11.2,
      10.2,
      9.5,
      9.1,
      8.9,
      8.5,
      7.9,
      7.3,
      6.5,
      5.7,
      5.2,
      4.9,
      4.7,
      4.6,
      5.9,
      8.1,
      10.6,
      12.5,
      14.0,
      13.5,
      12.9,
      12.4,
      11.6,
      10.9,
      10.2,
      9.8,
      9.1,
      9.0,
      8.9,
      8.8,
      8.5,
      8.1,
      7.5,
      6.9,
      6.3,
      5.9,
      5.7,
      5.6,
      6.0,
      7.0,
      7.8,
      8.5,
      9.2,
      9.7,
      10.1,
      10.1,
      9.8,
      9.1,
      8.3,
      7.3,
      6.3,
      5.3,
      4.6,
      4.0,
      3.6,
      3.4,
      3.4,
      3.3,
      2.9,
      2.3,
      2.3,
      3.2,
      4.6,
      6.1,
      7.7,
      9.4,
      10.6,
      10.8,
      10.6,
      10.1,
      9.6,
      9.0,
      8.4,
      7.8,
      7.3,
      6.9,
      6.6,
      6.3,
      6.0,
      5.6,
      5.1,
      4.8,
      4.7,
      4.7,
      4.7,
      5.5,
      6.5,
      7.5,
      8.4,
      9.3,
      10.1,
      10.8,
      11.4,
      11.6,
      11.2,
      10.4,
      9.4,
      8.2,
      6.9,
      5.8,
      5.2,
      4.9,
      4.6,
      4.3,
      4.0,
      4.0,
      4.3,
      4.8,
      5.3,
      5.8,
      6.4,
      7.1,
      8.0,
      9.1,
      10.1,
      11.3,
      12.5,
      13.2,
      13.2,
      12.6,
      12.1,
      11.6,
      11.1,
      10.6,
      10.3,
      10.0
    ],
    "relative_humidity_2m": [
      92,
      93,
      94,
      95,
      95,
      96,
      92,
      93,
      91,
      79,
      69,
      66,
      59,
      54,
      53,
      55,
      57,
      59,
      63,
      69,
      72,
      74,
      75,
      78,
      81,
      85,
      87,
      89,
      91,
      93,
      94,
      93,
      87,
      79,
      72,
      66,
      62,
      62,
      59,
      52,
      53,
      57,
      69,
      73,
      76,
      76,
      74,
      74,
      78,
      82,
      86,
      90,
      91,
      91,
      91,
      92,
      85,
      75,
      66,
      60,
      54,
      55,
      63,
      68,
      73,
      74,
      77,
      80,
      83,
      78,
      77,
      77,
      78,
      82,
      86,
      89,
      93,
      94,
      95,
      95,
      94,
      89,
      85,
      83,
      80,
      77,
      74,
      73,
      75,
      80,
      84,
      88,
      93,
      96,
      98,
      99,
      99,
      99,
      99,
      99,
      99,
      100,
      99,
      97,
      93,
      89,
      82,
      74,
      69,
      68,
      70,
      73,
      76,
      80,
      84,
      87,
      90,
      92,
      92,
      91,
      90,
      91,
      91,
      92,
      92,
      91,
      90,
      92,
      89,
      85,
      81,
      77,
      73,
      68,
      63,
      60,
      62,
      66,
      71,
      77,
      84,
      89,
      91,
      92,
      93,
      94,
      95,
      95,
      94,
      91,
      90,
      91,
      92,
      93,
      92,
      91,
      89,
      86,
      82,
      80,
      81,
      83,
      85,
      86,
      87,
      88,
      90,
      92
    ],
    "apparent_temperature": [
      3.0,
      2.2,
      1.7,
      1.1,
      0.4,
      -0.2,
      0.4,
      0.3,
      1.0,
      4.0,
      6.1,
      7.8,
      9.0,
      9.6,
      9.5,
      9.2,
      8.6,
      8.3,
      7.9,
      6.5,
      5.7,
      4.4,
      3.6,
      2.7,
      2.0,
      1.7,
      1.4,
      0.8,
      0.4,
      -0.3,
      -0.7,
      -0.8,
      0.2,
      1.9,
      4.3,
      6.9,
      8.8,
      9.7,
      10.5,
      10.8,
      10.4,
      10.3,
      7.6,
      6.7,
      6.3,
      5.9,
      5.4,
      5.1,
      4.9,
      4.5,
      3.9,
      3.0,
      2.7,
      2.3,
      2.0,
      1.9,
      3.0,
      4.9,
      7.0,
      8.5,
      9.9,
      9.5,
      9.7,
      9.2,
      8.7,
      7.7,
      7.0,
      6.5,
      5.8,
      4.7,
      4.5,
      5.7,
      5.9,
      5.8,
      5.6,
      5.2,
      4.6,
      4.1,
      4.3,
      4.2,
      4.3,
      5.3,
      6.4,
      7.1,
      7.7,
      8.0,
      8.1,
      7.9,
      7.7,
      7.2,
      6.6,
      5.6,
      4.6,
      3.5,
      2.6,
      2.0,
      1.4,
      1.3,
      1.3,
      1.2,
      0.7,
      0.0,
      -0.0,
      0.9,
      2.1,
      3.6,
      5.3,
      7.1,
      8.3,
      8.5,
      8.1,
      7.6,
      7.1,
      6.6,
      6.2,
      5.9,
      5.7,
      5.1,
      4.7,
      4.3,
      3.9,
      3.4,
      2.9,
      2.6,
      2.6,
      2.5,
      2.5,
      3.2,
      4.1,
      4.9,
      5.8,
      6.8,
      7.6,
      8.1,
      8.5,
      8.6,
      8.5,
      8.1,
      7.5,
      6.4,
      5.0,
      3.8,
      3.1,
      2.7,
      2.5,
      2.1,
      1.8,
      1.7,
      1.8,
      2.1,
      2.4,
      2.8,
      3.3,
      4.0,
      5.0,
      6.2,
      7.4,
      9.0,
      10.7,
      11.7,
      11.7,
      11.0,
      10.4,
      9.9,
      9.5,
      9.1,
      8.8,
      8.4
    ],
    "precipitation_probability": [
      0,
      0,
      0,
      0,
      0,
      0,
      0,
      0,
      0,
      0,
      0,
      0,
      0,
      0,
      0,
      0,
      0,
      0,
      0,
      0,
      0,
      0,
      0,
      0,
      0,
      0,
      0,
      0,
      0,
      0,
      0,
      0,
      0,
      0,
      0,
      0,
      0,
      0,
      0,
      0,
      1,
      2,
      3,
      3,
      3,
      3,
      3,
      3,
      3,
      2,
      1,
      0,
      0,
      0,
      0,
      0,
      0,
      0,
      5,
      11,
      16,
      38,
      59,
      81,
      81,
      81,
      81,
      77,
      72,
      68,
      61,
      55,
      48,
      46,
      44,
      42,
      36,
      29,
      23,
      25,
      27,
      29,
      26,
      22,
      19,
      20,
      22,
      23,
      26,
      29,
      32,
      26,
      19,
      13,
      11,
      8,
      6,
      8,
      11,
      13,
      11,
      8,
      6,
      8,
      11,
      13,
      16,
      20,
      23,
      22,
      20,
      19,
      17,
      15,
      13,
      13,
      13,
      13,
      10,
      6,
      3,
      5,
      8,
      10,
      13,
      16,
      19,
      15,
      10,
      6,
      9,
      13,
      16,
      19,
      23,
      26,
      23,
      19,
      16,
      14,
      12,
      10,
      10,
      10,
      10,
      8,
      5,
      3,
      4,
      5,
      6,
      7,
      9,
      10,
      11,
      12,
      13,
      12,
      11,
      10,
      12,
      14,
      16,
      14,
      12,
      10,
      10,
      10
    ],
    "precipitation": [
      0.00,
      0.00,
      0.00,
      0.00,
      0.00,
      0.00,
      0.00,
      0.00,
      0.00,
      0.00,
      0.00,
      0.00,
      0.00,
      0.00,
      0.00,
      0.00,
      0.00,
      0.00,
      0.00,
      0.00,
      0.00,
      0.00,
      0.00,
      0.00,
      0.00,
      0.00,
      0.00,
      0.00,
      0.00,
      0.00,
      0.00,
      0.00,
      0.00,
      0.00,
      0.00,
      0.00,
      0.00,
      0.00,
      0.00,
      0.00,
      0.00,
      0.00,
      0.20,
      0.20,
      0.10,
      0.00,
      0.00,
      0.00,
      0.00,
      0.00,
      0.00,
      0.00,
      0.00,
      0.00,
      0.00,
      0.00,
      0.00,
      0.00,
      0.00,
      0.00,
      0.00,
      0.00,
      0.10,
      0.20,
      0.50,
      0.20,
      0.10,
      0.30,
      1.00,
      1.00,
      0.70,
      0.10,
      0.00,
      0.00,
      0.00,
      0.00,
      0.00,
      0.00,
      0.00,
      0.00,
      0.00,
      0.00,
      0.00,
      0.10,
      0.10,
      0.00,
      0.00,
      0.00,
      0.00,
      0.00,
      0.00,
      0.00,
      0.00,
      0.00,
      0.00,
      0.00,
      0.00,
      0.00,
      0.00,
      0.00,
      0.00,
      0.00,
      0.00,
      0.00,
      0.00,
      0.00,
      0.00,
      0.00,
      0.00,
      0.10,
      0.10,
      0.10,
      0.10,
      0.10,
      0.10,
      0.10,
      0.10,
      0.10,
      0.00,
      0.00,
      0.00,
      0.00,
      0.00,
      0.00,
      0.00,
      0.00,
      0.00,
      0.00,
      0.00,
      0.00,
      0.10,
      0.10,
      0.10,
      0.10,
      0.10,
      0.10,
      0.00,
      0.00,
      0.00,
      0.00,
      0.00,
      0.00,
      0.00,
      0.00,
      0.00,
      0.00,
      0.00,
      0.00,
      0.00,
      0.00,
      0.00,
      0.70,
      0.70,
      0.70,
      0.90,
      0.90,
      0.90,
      0.10,
      0.10,
      0.10,
      0.00,
      0.00,
      0.00,
      0.00,
      0.00,
      0.00,
      0.10,
      0.10
    ],
    "weather_code": [
      2,
      1,
      0,
      0,
      0,
      0,
      0,
      2,
      2,
      2,
      0,
      0,
      2,
      2,
      2,
      3,
      3,
      3,
      2,
      2,
      3,
      2,
      2,
      2,
      3,
      3,
      3,
      0,
      0,
      1,
      1,
      1,
      0,
      0,
      0,
      1,
      2,
      3,
      3,
      3,
      3,
      3,
      61,
      80,
      61,
      80,
      3,
      3,
      3,
      2,
      3,
      3,
      0,
      2,
      0,
      0,
      2,
      2,
      2,
      3,
      3,
      3,
      3,
      3,
      61,
      61,
      61,
      61,
      61,
      61,
      61,
      61,
      3,
      3,
      3,
      3,
      3,
      3,
      3,
      3,
      3,
      3,
      3,
      61,
      61,
      3,
      3,
      3,
      3,
      3,
      3,
      45,
      45,
      45,
      45,
      45,
      45,
      45,
      45,
      45,
      45,
      45,
      45,
      3,
      3,
      3,
      3,
      3,
      3,
      3,
      3,
      3,
      61,
      61,
      61,
      3,
      3,
      3,
      3,
      3,
      3,
      3,
      3,
      3,
      3,
      3,
      3,
      3,
      3,
      3,
      2,
      2,
      2,
      2,
      2,
      2,
      2,
      2,
      2,
      2,
      2,
      2,
      1,
      1,
      1,
      2,
      2,
      2,
      3,
      3,
      3,
      61,
      61,
      61,
      61,
      61,
      61,
      61,
      61,
      61,
      3,
      3,
      3,
      3,
      3,
      3,
      61,
      61
    ],
    "wind_speed_10m": [
      2.9,
      4.1,
      2.5,
      1.3,
      2.6,
      2.7,
      2.9,
      2.5,
      2.7,
      4.0,
      6.7,
      9.7,
      13.6,
      14.4,
      15.8,
      16.0,
      15.4,
      12.6,
      9.6,
      11.2,
      10.8,
      11.9,
      11.2,
      9.7,
      8.7,
      7.2,
      6.3,
      6.7,
      5.5,
      5.8,
      5.2,
      4.7,
      5.8,
      8.0,
      9.4,
      10.5,
      13.4,
      13.9,
      13.5,
      12.2,
      13.5,
      10.9,
      16.8,
      16.1,
      13.9,
      13.8,
      14.3,
      14.1,
      11.3,
      9.8,
      8.7,
      8.9,
      7.1,
      7.6,
      7.4,
      7.8,
      9.6,
      12.1,
      15.1,
      19.2,
      19.9,
      18.0,
      14.8,
      16.5,
      14.2,
      15.5,
      15.6,
      16.6,
      16.0,
      21.9,
      21.7,
      12.3,
      8.9,
      7.6,
      5.3,
      3.9,
      3.1,
      3.4,
      1.1,
      1.5,
      3.3,
      3.4,
      1.8,
      2.4,
      3.3,
      4.7,
      6.2,
      7.3,
      6.6,
      5.4,
      4.3,
      4.0,
      3.7,
      3.5,
      3.8,
      4.0,
      4.0,
      3.7,
      3.5,
      3.4,
      3.6,
      3.3,
      3.6,
      4.4,
      6.2,
      7.5,
      7.8,
      7.3,
      7.3,
      8.0,
      9.2,
      9.7,
      9.4,
      8.6,
      7.4,
      5.6,
      4.2,
      4.4,
      4.9,
      5.2,
      5.5,
      5.5,
      4.8,
      4.5,
      4.0,
      4.1,
      4.2,
      6.6,
      8.4,
      9.7,
      9.7,
      9.5,
      9.2,
      9.8,
      10.5,
      10.4,
      8.6,
      6.1,
      4.0,
      3.5,
      3.7,
      3.8,
      3.9,
      4.3,
      4.5,
      4.4,
      4.7,
      5.1,
      6.5,
      8.0,
      9.8,
      11.5,
      13.3,
      14.4,
      15.0,
      15.7,
      16.1,
      14.6,
      11.9,
      10.3,
      10.0,
      10.7,
      10.9,
      10.2,
      9.2,
      8.4,
      8.0,
      8.4
    ],
    "wind_gusts_10m": [
      5.0,
      7.6,
      7.9,
      4.3,
      4.0,
      6.5,
      4.3,
      3.6,
      5.8,
      7.6,
      15.1,
      20.9,
      28.4,
      29.5,
      31.7,
      32.4,
      32.4,
      30.6,
      24.8,
      22.0,
      21.6,
      25.6,
      23.4,
      22.0,
      18.4,
      16.6,
      14.4,
      12.6,
      12.6,
      10.8,
      11.5,
      9.7,
      11.9,
      16.6,
      19.8,
      22.3,
      27.7,
      28.4,
      28.1,
      27.7,
      27.4,
      27.0,
      41.0,
      33.8,
      31.7,
      28.4,
      29.2,
      29.2,
      27.7,
      22.0,
      18.7,
      16.9,
      16.9,
      14.4,
      15.1,
      15.1,
      19.1,
      24.5,
      30.2,
      38.2,
      42.8,
      46.1,
      42.8,
      36.7,
      41.4,
      34.9,
      36.4,
      37.8,
      38.9,
      50.0,
      52.9,
      48.6,
      27.4,
      20.2,
      16.6,
      12.6,
      8.6,
      9.4,
      7.2,
      4.3,
      8.3,
      10.4,
      8.6,
      7.9,
      8.6,
      11.5,
      14.4,
      17.3,
      16.6,
      15.8,
      15.1,
      13.0,
      10.4,
      8.3,
      8.3,
      8.3,
      8.3,
      8.3,
      7.9,
      7.9,
      7.9,
      8.3,
      8.3,
      12.6,
      16.6,
      20.9,
      20.9,
      20.5,
      20.5,
      22.7,
      25.2,
      27.4,
      24.5,
      22.0,
      19.1,
      16.2,
      13.7,
      10.8,
      11.9,
      13.0,
      14.0,
      14.4,
      14.4,
      14.8,
      13.7,
      12.2,
      11.2,
      15.1,
      19.1,
      23.0,
      23.0,
      22.7,
      22.7,
      23.8,
      25.2,
      26.3,
      22.7,
      18.7,
      15.1,
      12.6,
      10.1,
      7.6,
      7.9,
      8.6,
      9.0,
      9.4,
      10.1,
      10.4,
      14.0,
      18.0,
      21.6,
      25.2,
      28.4,
      32.0,
      34.2,
      36.7,
      38.9,
      35.3,
      31.7,
      28.1,
      28.8,
      29.9,
      30.6,
      26.6,
      22.7,
      18.7,
      19.1,
      19.8
    ]
  }
}
