{
  "latitude": 48.86,
  "longitude": 2.2599998,
  "generationtime_ms": 0.3110170364379883,
  "utc_offset_seconds": 0,
  "timezone": "GMT",
  "timezone_abbreviation": "GMT",
  "elevation": 55.0,
  "daily_units": {
    "time": "iso8601",
    "weather_code": "wmo code",
    "temperature_2m_max": "°C",
    "temperature_2m_min": "°C",
    "apparent_temperature_max": "°C",
    "apparent_temperature_min": "°C",
    "sunrise": "iso8601",
    "sunset": "iso8601",
    "precipitation_hours": "h",
    "precipitation_probability_max": "%",
    "wind_speed_10m_max": "km/h",
    "wind_gusts_10m_max": "km/h",
    "wind_direction_10m_dominant": "°"
  },
  "daily": {
    "time": [
      "Today",
      "Today+1",
      "Today+2",
      "Today+3",
      "Today+4",
      "Today+5",
      "Today+6"
    ],
    "weather_code": [
      3,
      80,
      61,
      61,
      61,
      3,
      61
    ],
    "temperature_2m_max": [
      13.3,
      14.0,
      14.0,
      10.1,
      10.8,
      11.6,
      13.2
    ],
    "temperature_2m_min": [
      2.1,
      1.9,
      4.6,
      4.0,
      2.3,
      4.7,
      4.0
    ],
    "apparent_temperature_max": [
      9.6,
      10.8,
      9.9,
      8.1,
      8.5,
      8.6,
      11.7
    ],
    "apparent_temperature_min": [
      -0.2,
      -0.8,
      1.9,
      2.0,
      -0.0,
      2.5,
      1.7
    ],
    "sunrise": [
      "TodayT06:19",
      "Today+1T06:17",
      "Today+2T06:15",
      "Today+3T06:13",
      "Today+4T06:11",
      "Today+5T06:09",
      "Today+6T06:07"
    ],
    "sunset": [
      "TodayT17:44",
      "Today+1T17:45",
      "Today+2T17:47",
      "Today+3T17:48",
      "Today+4T17:50",
      "Today+5T17:51",
      "Today+6T17:53"
    ],
    "precipitation_hours": [
      0.0,
      3.0,
      10.0,
      2.0,
      9.0,
      6.0,
      11.0
    ],
    "precipitation_probability_max": [
      0,
      3,
      81,
      48,
      23,
      26,
      16
    ],
    "wind_speed_10m_max": [
      16.0,
      16.8,
      21.9,
      8.9,
      9.7,
      10.5,
      16.1
    ],
    "wind_gusts_10m_max": [
      32.4,
      41.0,
      52.9,
      27.4,
      27.4,
      26.3,
      38.9
    ],
    "wind_direction_10m_dominant": [
      86,
      116,
      129,
      149,
      281,
      261,
      199
    ]
  }
}
