{
  "latitude": 37.74886,
  "longitude": -122.47862,
  "generationtime_ms": 0.26798248291015625,
  "utc_offset_seconds": 0,
  "timezone": "GMT",
  "timezone_abbreviation": "GMT",
  "elevation": 88.0,
  "daily_units": {
    "time": "iso8601",
    "weather_code": "wmo code",
    "temperature_2m_max": "°C",
    "temperature_2m_min": "°C",
    "apparent_temperature_max": "°C",
    "apparent_temperature_min": "°C",
    "sunrise": "iso8601",
    "sunset": "iso8601",
    "precipitation_hours": "h",
    "precipitation_probability_max": "%",
    "wind_speed_10m_max": "km/h",
    "wind_gusts_10m_max": "km/h",
    "wind_direction_10m_dominant": "°"
  },
  "daily": {
    "time": [
      "Today",
      "Today+1",
      "Today+2",
      "Today+3",
      "Today+4",
      "Today+5",
      "Today+6"
    ],
    "weather_code": [
      3,
      0,
      3,
      51,
      81,
      51,
      3
    ],
    "temperature_2m_max": [
      14.2,
      13.4,
      15.3,
      13.9,
      13.4,
      13.8,
      16.6
    ],
    "temperature_2m_min": [
      8.2,
      7.7,
      9.3,
      9.6,
      8.8,
      8.9,
      7.6
    ],
    "apparent_temperature_max": [
      11.8,
      12.0,
      13.2,
      11.1,
      10.6,
      10.5,
      12.8
    ],
    "apparent_temperature_min": [
      5.4,
      4.7,
      5.7,
      7.4,
      5.4,
      6.9,
      5.4
    ],
    "sunrise": [
      "TodayT14:31",
      "Today+1T14:29",
      "Today+2T14:28",
      "Today+3T14:27",
      "Today+4T14:25",
      "Today+5T14:24",
      "Today+6T14:22"
    ],
    "sunset": [
      "TodayT23:59",
      "Today+1T23:59",
      "Today+2T23:59",
      "Today+3T23:59",
      "Today+4T23:59",
      "Today+5T23:59",
      "Today+6T23:59"
    ],
    "precipitation_hours": [
      0.0,
      0.0,
      0.0,
      1.0,
      16.0,
      9.0,
      0.0
    ],
    "precipitation_probability_max": [
      19,
      0,
      32,
      15,
      58,
      71,
      3
    ],
    "wind_speed_10m_max": [
      23.5,
      23.7,
      22.6,
      26.5,
      27.2,
      28.4,
      32.7
    ],
    "wind_gusts_10m_max": [
      33.5,
      31.0,
      28.8,
      35.3,
      38.5,
      20.5,
      33.1
    ],
    "wind_direction_10m_dominant": [
      311,
      309,
      265,
      209,
      258,
      221,
      319
    ]
  }
}
