{
  "latitude": 37.74886,
  "longitude": -122.47862,
  "generationtime_ms": 0.22304058074951172,
  "utc_offset_seconds": 0,
  "timezone": "GMT",
  "timezone_abbreviation": "GMT",
  "elevation": 88.0,
  "hourly_units": {
    "time": "iso8601",
    "temperature_2m": "°C",
    "relative_humidity_2m": "%",
    "apparent_temperature": "°C",
    "precipitation_probability": "%",
    "precipitation": "mm",
    "weather_code": "wmo code",
    "wind_speed_10m": "km/h",
    "wind_gusts_10m": "km/h"
  },
  "hourly": {
    "time": [
      "TodayT00:00",
      "TodayT01:00",
      "TodayT02:00",
      "TodayT03:00",
      "TodayT04:00",
      "TodayT05:00",
      "TodayT06:00",
      "TodayT07:00",
      "TodayT08:00",
      "TodayT09:00",
      "TodayT10:00",
      "TodayT11:00",
      "TodayT12:00",
      "TodayT13:00",
      "TodayT14:00",
      "TodayT15:00",
      "TodayT16:00",
      "TodayT17:00",
      "TodayT18:00",
      "TodayT19:00",
      "TodayT20:00",
      "TodayT21:00",
      "TodayT22:00",
      "TodayT23:00",
      "Today+1T00:00",
      "Today+1T01:00",
      "Today+1T02:00",
      "Today+1T03:00",
      "Today+1T04:00",
      "Today+1T05:00",
      "Today+1T06:00",
      "Today+1T07:00",
      "Today+1T08:00",
      "Today+1T09:00",
      "Today+1T10:00",
      "Today+1T11:00",
      "Today+1T12:00",
      "Today+1T13:00",
      "Today+1T14:00",
      "Today+1T15:00",
      "Today+1T16:00",
      "Today+1T17:00",
      "Today+1T18:00",
      "Today+1T19:00",
      "Today+1T20:00",
      "Today+1T21:00",
      "Today+1T22:00",
      "Today+1T23:00",
      "Today+2T00:00",
      "Today+2T01:00",
      "Today+2T02:00",
      "Today+2T03:00",
      "Today+2T04:00",
      "Today+2T05:00",
      "Today+2T06:00",
      "Today+2T07:00",
      "Today+2T08:00",
      "Today+2T09:00",
      "Today+2T10:00",
      "Today+2T11:00",
      "Today+2T12:00",
      "Today+2T13:00",
      "Today+2T14:00",
      "Today+2T15:00",
      "Today+2T16:00",
      "Today+2T17:00",
      "Today+2T18:00",
      "Today+2T19:00",
      "Today+2T20:00",
      "Today+2T21:00",
      "Today+2T22:00",
      "Today+2T23:00",
      "Today+3T00:00",
      "Today+3T01:00",
      "Today+3T02:00",
      "Today+3T03:00",
      "Today+3T04:00",
      "Today+3T05:00",
      "Today+3T06:00",
      "Today+3T07:00",
      "Today+3T08:00",
      "Today+3T09:00",
      "Today+3T10:00",
      "Today+3T11:00",
      "Today+3T12:00",
      "Today+3T13:00",
      "Today+3T14:00",
      "Today+3T15:00",
      "Today+3T16:00",
      "Today+3T17:00",
      "Today+3T18:00",
      "Today+3T19:00",
      "Today+3T20:00",
      "Today+3T21:00",
      "Today+3T22:00",
      "Today+3T23:00",
      "Today+4T00:00",
      "Today+4T01:00",
      "Today+4T02:00",
      "Today+4T03:00",
      "Today+4T04:00",
      "Today+4T05:00",
      "Today+4T06:00",
      "Today+4T07:00",
      "Today+4T08:00",
      "Today+4T09:00",
      "Today+4T10:00",
      "Today+4T11:00",
      "Today+4T12:00",
      "Today+4T13:00",
      "Today+4T14:00",
      "Today+4T15:00",
      "Today+4T16:00",
      "Today+4T17:00",
      "Today+4T18:00",
      "Today+4T19:00",
      "Today+4T20:00",
      "Today+4T21:00",
      "Today+4T22:00",
      "Today+4T23:00",
      "Today+5T00:00",
      "Today+5T01:00",
      "Today+5T02:00",
      "Today+5T03:00",
      "Today+5T04:00",
      "Today+5T05:00",
      "Today+5T06:00",
      "Today+5T07:00",
      "Today+5T08:00",
      "Today+5T09:00",
      "Today+5T10:00",
      "Today+5T11:00",
      "Today+5T12:00",
      "Today+5T13:00",
      "Today+5T14:00",
      "Today+5T15:00",
      "Today+5T16:00",
      "Today+5T17:00",
      "Today+5T18:00",
      "Today+5T19:00",
      "Today+5T20:00",
      "Today+5T21:00",
      "Today+5T22:00",
      "Today+5T23:00",
      "Today+6T00:00",
      "Today+6T01:00",
      "Today+6T02:00",
      "Today+6T03:00",
      "Today+6T04:00",
      "Today+6T05:00",
      "Today+6T06:00",
      "Today+6T07:00",
      "Today+6T08:00",
      "Today+6T09:00",
      "Today+6T10:00",
      "Today+6T11:00",
      "Today+6T12:00",
      "Today+6T13:00",
      "Today+6T14:00",
      "Today+6T15:00",
      "Today+6T16:00",
      "Today+6T17:00",
      "Today+6T18:00",
      "Today+6T19:00",
      "Today+6T20:00",
      "Today+6T21:00",
      "Today+6T22:00",
      "Today+6T23:00"
    ],
    "temperature_2m": [
      12.9,
      12.2,
      10.9,
      10.4,
      10.0,
      9.6,
      10.0,
      9.5,
      8.7,
      9.2,
      9.2,
      9.3,
      9.0,
      8.8,
      8.2,
      8.1,
      9.8,
      10.8,
      11.8,
      12.6,
      13.2,
      13.6,
      13.9,
      14.0,
      13.5,
      12.9,
      11.7,
      10.7,
      10.2,
      9.9,
      9.3,
      9.0,
      8.8,
      8.6,
      8.4,
      8.3,
      8.0,
      7.7,
      7.4,
      7.1,
      9.5,
      11.6,
      12.2,
      12.8,
      13.1,
      13.2,
      12.7,
      12.4,
      12.1,
      11.6,
      10.7,
      9.9,
      10.1,
      10.0,
      10.0,
      10.9,
      10.7,
      11.4,
      11.5,
      11.3,
      11.1,
      11.0,
      11.1,
      10.8,
      11.4,
      12.5,
      13.8,
      14.4,
      15.1,
      15.3,
      15.0,
      14.4,
      13.9,
      13.1,
      12.6,
      12.1,
      11.8,
      11.5,
      11.2,
      11.1,
      10.9,
      10.6,
      10.4,
      10.3,
      10.0,
      9.8,
      9.6,
      9.8,
      11.2,
      12.2,
      13.0,
      13.6,
      13.9,
      13.2,
      12.6,
      12.1,
      12.1,
      11.8,
      10.3,
      9.6,
      9.8,
      9.4,
      9.2,
      9.3,
      9.3,
      9.2,
      9.1,
      8.8,
      8.9,
      8.9,
      8.8,
      9.0,
      10.2,
      10.9,
      11.6,
      12.3,
      13.0,
      13.2,
      13.4,
      13.0,
      12.2,
      11.7,
      11.3,
      11.2,
      11.3,
      11.3,
      11.1,
      10.9,
      10.6,
      10.2,
      9.9,
      9.6,
      9.3,
      9.1,
      8.9,
      9.0,
      9.5,
      10.1,
      10.9,
      11.9,
      13.0,
      13.7,
      13.8,
      13.6,
      13.1,
      12.5,
      11.8,
      11.1,
      10.8,
      10.6,
      10.4,
      10.0,
      9.6,
      9.2,
      8.9,
      8.6,
      8.3,
      8.0,
      7.6,
      7.8,
      8.9,
      10.5,
      11.9,
      12.9,
      13.6,
      14.4,
      15.5,
      16.6
    ],
    "relative_humidity_2m": [
      85,
      87,
      84,
      87,
      85,
      88,
      88,
      89,
      86,
      88,
      88,
      80,
      81,
      83,
      84,
      83,
      77,
      73,
      71,
      71,
      70,
      67,
      65,
      66,
      69,
      72,
      77,
      78,
      78,
      80,
      81,
      82,
      81,
      81,
      81,
      80,
      77,
      73,
      71,
      71,
      81,
      78,
      76,
      74,
      76,
      77,
      78,
      76,
      74,
      77,
      77,
      79,
      80,
      80,
      84,
      79,
      78,
      73,
      69,
      71,
      74,
      75,
      74,
      76,
      71,
      64,
      57,
      56,
      55,
      55,
      58,
      61,
      66,
      74,
      79,
      81,
      81,
      81,
      82,
      83,
      83,
      84,
      83,
      81,
      81,
      82,
      83,
      81,
      76,
      70,
      66,
      61,
      60,
      67,
      74,
      79,
      79,
      82,
      94,
      89,
      83,
      83,
      84,
      83,
      83,
      83,
      85,
      87,
      85,
      84,
      85,
      84,
      79,
      74,
      69,
      64,
      60,
      58,
      53,
      54,
      58,
      61,
      64,
      65,
      65,
      66,
      69,
      73,
      78,
      83,
      86,
      88,
      90,
      91,
      91,
      90,
      89,
      86,
      83,
      77,
      71,
      65,
      61,
      59,
      59,
      63,
      70,
      74,
      74,
      72,
      71,
      72,
      74,
      76,
      78,
      80,
      81,
      83,
      84,
      83,
      76,
      67,
      59,
      54,
      51,
      47,
      41,
      34
    ],
    "apparent_temperature": [
      10.7,
      9.6,
      8.2,
      7.6,
      7.5,
      7.0,
      7.1,
      7.2,
      7.1,
      7.1,
      7.5,
      6.6,
      5.7,
      5.0,
      5.4,
      5.2,
      6.8,
      7.8,
      9.1,
      11.3,
      11.8,
      11.5,
      11.3,
      10.8,
      9.8,
      9.2,
      8.4,
      7.3,
      7.1,
      7.1,
      6.7,
      6.2,
      5.9,
      5.7,
      5.5,
      5.5,
      5.2,
      5.0,
      4.8,
      5.2,
      8.0,
      10.6,
      10.3,
      11.4,
      11.6,
      11.3,
      10.2,
      9.1,
      8.5,
      8.4,
      7.4,
      6.5,
      6.7,
      6.5,
      7.5,
      8.2,
      8.6,
      9.5,
      8.8,
      8.7,
      8.4,
      9.1,
      9.5,
      9.0,
      9.4,
      10.3,
      11.8,
      12.2,
      13.1,
      12.5,
      12.3,
      11.6,
      11.1,
      10.7,
      10.9,
      10.5,
      10.1,
      9.7,
      9.8,
      9.6,
      9.3,
      8.9,
      8.6,
      8.3,
      7.9,
      7.8,
      7.4,
      7.8,
      8.6,
      8.6,
      9.3,
      9.5,
      9.5,
      8.8,
      8.3,
      7.9,
      8.1,
      7.5,
      6.5,
      5.4,
      6.5,
      6.6,
      6.4,
      6.5,
      6.6,
      7.0,
      7.1,
      6.9,
      6.7,
      6.8,
      6.6,
      6.8,
      8.3,
      8.9,
      9.5,
      10.3,
      10.1,
      9.6,
      10.3,
      9.0,
      8.6,
      8.4,
      8.1,
      8.2,
      8.4,
      8.4,
      8.1,
      8.1,
      8.1,
      8.0,
      7.8,
      7.5,
      7.3,
      7.0,
      6.9,
      7.0,
      7.3,
      7.8,
      8.8,
      10.2,
      10.5,
      9.8,
      9.1,
      8.4,
      7.6,
      6.9,
      6.1,
      5.7,
      6.0,
      6.7,
      7.2,
      7.2,
      7.1,
      6.9,
      6.6,
      6.2,
      5.9,
      5.6,
      5.4,
      5.7,
      6.7,
      8.1,
      9.2,
      10.8,
      11.8,
      12.4,
      12.7,
      12.5
    ],
    "precipitation_probability": [
      19,
      13,
      6,
      0,
      0,
      0,
      0,
      0,
      0,
      0,
      0,
      0,
      0,
      0,
      0,
      0,
      0,
      0,
      0,
      0,
      0,
      0,
      0,
      0,
      0,
      0,
      0,
      0,
      0,
      0,
      0,
      0,
      0,
      0,
      0,
      0,
      0,
      0,
      0,
      0,
      0,
      0,
      0,
      0,
      0,
      0,
      0,
      0,
      0,
      0,
      0,
      0,
      0,
      0,
      0,
      0,
      0,
      0,
      0,
      0,
      0,
      0,
      0,
      0,
      2,
      4,
      6,
      15,
      23,
      32,
      25,
      17,
      10,
      7,
      3,
      0,
      0,
      0,
      0,
      0,
      0,
      0,
      0,
      0,
      0,
      0,
      0,
      0,
      0,
      0,
      0,
      2,
      4,
      6,
      10,
      15,
      19,
      30,
      41,
      52,
      54,
      56,
      58,
      50,
      43,
      35,
      36,
      38,
      39,
      32,
      26,
      19,
      16,
      13,
      10,
      9,
      7,
      6,
      6,
      6,
      6,
      9,
      13,
      16,
      21,
      27,
      32,
      33,
      34,
      35,
      44,
      52,
      61,
      64,
      68,
      71,
      66,
      60,
      55,
      46,
      38,
      29,
      20,
      12,
      3,
      3,
      3,
      3,
      2,
      1,
      0,
      0,
      0,
      0,
      0,
      0,
      0,
      0,
      0,
      0,
      0,
      0,
      0,
      0,
      0,
      0,
      0,
      0
    ],
    "precipitation": [
      0.00,
      0.00,
      0.00,
      0.00,
      0.00,
      0.00,
      0.00,
      0.00,
      0.00,
      0.00,
      0.00,
      0.00,
      0.00,
      0.00,
      0.00,
      0.00,
      0.00,
      0.00,
      0.00,
      0.00,
      0.00,
      0.00,
      0.00,
      0.00,
      0.00,
      0.00,
      0.00,
      0.00,
      0.00,
      0.00,
      0.00,
      0.00,
      0.00,
      0.00,
      0.00,
      0.00,
      0.00,
      0.00,
      0.00,
      0.00,
      0.00,
      0.00,
      0.00,
      0.00,
      0.00,
      0.00,
      0.00,
      0.00,
      0.00,
      0.00,
      0.00,
      0.00,
      0.00,
      0.00,
      0.00,
      0.00,
      0.00,
      0.00,
      0.00,
      0.00,
      0.00,
      0.00,
      0.00,
      0.00,
      0.00,
      0.00,
      0.00,
      0.00,
      0.00,
      0.00,
      0.00,
      0.00,
      0.00,
      0.00,
      0.00,
      0.00,
      0.00,
      0.00,
      0.00,
      0.00,
      0.00,
      0.00,
      0.00,
      0.00,
      0.00,
      0.00,
      0.00,
      0.00,
      0.00,
      0.00,
      0.00,
      0.00,
      0.00,
      0.00,
      0.00,
      0.00,
      0.00,
      0.00,
      1.40,
      4.90,
      4.40,
      0.10,
      0.00,
      0.00,
      0.00,
      0.00,
      0.00,
      0.00,
      0.00,
      0.00,
      0.10,
      0.00,
      0.00,
      0.00,
      0.00,
      0.00,
      0.00,
      0.00,
      0.00,
      0.00,
      0.00,
      0.00,
      0.00,
      0.00,
      0.00,
      0.00,
      0.00,
      0.00,
      0.00,
      0.00,
      0.00,
      0.00,
      0.00,
      0.10,
      0.10,
      0.10,
      0.00,
      0.00,
      0.00,
      0.00,
      0.00,
      0.00,
      0.00,
      0.00,
      0.00,
      0.00,
      0.00,
      0.00,
      0.00,
      0.00,
      0.00,
      0.00,
      0.00,
      0.00,
      0.00,
      0.00,
      0.00,
      0.00,
      0.00,
      0.00,
      0.00,
      0.00,
      0.00,
      0.00,
      0.00,
      0.00,
      0.00,
      0.00
    ],
    "weather_code": [
      2,
      1,
      1,
      1,
      0,
      1,
      1,
      1,
      0,
      0,
      0,
      2,
      0,
      0,
      0,
      0,
      0,
      0,
      0,
      0,
      0,
      0,
      0,
      0,
      0,
      0,
      0,
      0,
      0,
      0,
      0,
      0,
      0,
      0,
      0,
      0,
      0,
      0,
      0,
      0,
      0,
      0,
      0,
      0,
      0,
      0,
      0,
      0,
      0,
      0,
      0,
      1,
      3,
      3,
      3,
      0,
      3,
      3,
      3,
      3,
      3,
      3,
      3,
      3,
      3,
      3,
      3,
      3,
      3,
      3,
      3,
      3,
      3,
      3,
      3,
      3,
      3,
      3,
      3,
      3,
      3,
      3,
      3,
      3,
      3,
      3,
      3,
      3,
      3,
      3,
      3,
      3,
      3,
      3,
      3,
      3,
      3,
      3,
      80,
      81,
      81,
      51,
      3,
      0,
      0,
      0,
      0,
      0,
      0,
      0,
      51,
      2,
      3,
      3,
      3,
      3,
      3,
      3,
      3,
      3,
      3,
      3,
      3,
      3,
      3,
      3,
      3,
      3,
      3,
      3,
      3,
      3,
      3,
      51,
      51,
      51,
      3,
      3,
      3,
      3,
      3,
      3,
      3,
      3,
      3,
      3,
      3,
      3,
      3,
      3,
      3,
      2,
      2,
      2,
      1,
      1,
      0,
      0,
      0,
      0,
      0,
      0,
      0,
      1,
      1,
      2,
      1,
      0
    ],
    "wind_speed_10m": [
      15.7,
      17.6,
      15.4,
      16.1,
      12.7,
      13.9,
      16.4,
      11.5,
      4.8,
      9.2,
      6.9,
      11.3,
      15.6,
      18.9,
      11.7,
      12.5,
      13.1,
      13.9,
      12.7,
      10.0,
      14.3,
      18.7,
      20.2,
      20.4,
      21.7,
      21.2,
      18.6,
      17.8,
      15.3,
      12.8,
      10.7,
      12.0,
      12.2,
      12.0,
      12.0,
      10.9,
      9.7,
      7.9,
      6.1,
      1.1,
      3.9,
      3.1,
      10.0,
      12.5,
      16.4,
      20.1,
      21.5,
      22.6,
      20.2,
      17.4,
      16.6,
      16.9,
      17.1,
      18.2,
      12.3,
      14.2,
      9.2,
      7.2,
      11.9,
      11.4,
      12.8,
      7.7,
      5.5,
      6.6,
      7.5,
      8.2,
      6.1,
      8.1,
      10.0,
      12.8,
      13.3,
      14.2,
      14.8,
      13.9,
      9.9,
      9.1,
      9.1,
      9.5,
      6.6,
      7.4,
      7.7,
      8.1,
      8.2,
      8.9,
      9.1,
      8.7,
      9.4,
      8.2,
      13.1,
      19.3,
      20.2,
      21.4,
      23.6,
      25.7,
      26.5,
      26.3,
      25.2,
      27.2,
      25.3,
      24.9,
      17.5,
      13.7,
      13.4,
      13.2,
      12.6,
      9.2,
      8.0,
      7.3,
      9.1,
      8.3,
      9.0,
      9.1,
      7.5,
      7.7,
      8.0,
      8.2,
      14.3,
      16.9,
      16.4,
      17.3,
      15.6,
      13.8,
      13.2,
      12.4,
      11.5,
      12.1,
      13.4,
      12.5,
      11.6,
      10.8,
      10.1,
      10.0,
      10.0,
      9.9,
      9.4,
      9.2,
      10.5,
      12.0,
      10.9,
      8.2,
      13.8,
      21.9,
      26.1,
      28.4,
      29.9,
      31.5,
      32.7,
      31.3,
      26.6,
      19.6,
      14.0,
      11.0,
      8.9,
      7.7,
      7.3,
      8.2,
      8.6,
      8.0,
      6.8,
      6.6,
      6.8,
      8.0,
      9.1,
      9.9,
      11.5,
      13.3,
      15.6,
      18.8
    ],
    "wind_gusts_10m": [
      20.5,
      24.1,
      21.2,
      22.0,
      21.6,
      21.2,
      22.7,
      18.0,
      7.6,
      15.8,
      13.7,
      13.3,
      25.6,
      31.0,
      16.2,
      18.4,
      19.4,
      17.3,
      14.4,
      10.8,
      16.2,
      22.3,
      24.1,
      25.2,
      27.7,
      28.1,
      27.0,
      28.8,
      23.8,
      20.2,
      18.0,
      19.4,
      20.5,
      20.9,
      21.6,
      20.2,
      12.6,
      9.7,
      8.6,
      3.6,
      4.3,
      4.0,
      10.8,
      14.4,
      19.1,
      24.8,
      27.0,
      28.8,
      25.2,
      22.0,
      22.3,
      23.0,
      24.1,
      24.5,
      20.2,
      13.7,
      10.4,
      7.9,
      7.9,
      6.5,
      5.8,
      6.8,
      8.6,
      11.2,
      15.5,
      14.4,
      13.3,
      13.3,
      13.0,
      13.7,
      13.3,
      14.4,
      14.8,
      15.8,
      17.6,
      18.0,
      19.4,
      15.8,
      11.9,
      13.0,
      14.4,
      16.6,
      16.2,
      13.7,
      10.1,
      11.5,
      17.3,
      20.2,
      22.0,
      23.4,
      24.1,
      27.0,
      28.8,
      31.0,
      34.6,
      35.3,
      36.0,
      35.3,
      38.5,
      37.4,
      11.5,
      15.8,
      23.4,
      22.3,
      18.4,
      9.7,
      5.8,
      5.4,
      4.3,
      3.6,
      3.2,
      3.2,
      2.5,
      4.0,
      5.8,
      6.1,
      11.2,
      14.8,
      16.9,
      17.6,
      16.9,
      14.8,
      16.9,
      16.9,
      17.3,
      15.5,
      16.6,
      17.3,
      18.4,
      19.1,
      19.8,
      20.5,
      20.2,
      17.3,
      13.0,
      10.8,
      12.6,
      15.8,
      18.4,
      18.4,
      16.9,
      16.2,
      16.2,
      16.2,
      16.6,
      16.9,
      16.9,
      16.6,
      15.1,
      12.6,
      10.4,
      8.3,
      6.1,
      4.7,
      4.3,
      4.3,
      4.7,
      4.3,
      4.3,
      5.0,
      7.6,
      11.2,
      15.1,
      20.2,
      25.9,
      30.6,
      32.4,
      33.1
    ]
  }
}
