{
  "latitude": 69.67531,
  "longitude": 18.922867,
  "generationtime_ms": 5.807042121887207,
  "utc_offset_seconds": 0,
  "timezone": "GMT",
  "timezone_abbreviation": "GMT",
  "elevation": 0.0,
  "hourly_units": {
    "time": "iso8601",
    "temperature_2m": "°C",
    "relative_humidity_2m": "%",
    "apparent_temperature": "°C",
    "precipitation_probability": "%",
    "precipitation": "mm",
    "weather_code": "wmo code",
    "wind_speed_10m": "km/h",
    "wind_gusts_10m": "km/h"
  },
  "hourly": {
    "time": [
      "TodayT00:00",
      "TodayT01:00",
      "TodayT02:00",
      "TodayT03:00",
      "TodayT04:00",
      "TodayT05:00",
      "TodayT06:00",
      "TodayT07:00",
      "TodayT08:00",
      "TodayT09:00",
      "TodayT10:00",
      "TodayT11:00",
      "TodayT12:00",
      "TodayT13:00",
      "TodayT14:00",
      "TodayT15:00",
      "TodayT16:00",
      "TodayT17:00",
      "TodayT18:00",
      "TodayT19:00",
      "TodayT20:00",
      "TodayT21:00",
      "TodayT22:00",
      "TodayT23:00",
      "Today+1T00:00",
      "Today+1T01:00",
      "Today+1T02:00",
      "Today+1T03:00",
      "Today+1T04:00",
      "Today+1T05:00",
      "Today+1T06:00",
      "Today+1T07:00",
      "Today+1T08:00",
      "Today+1T09:00",
      "Today+1T10:00",
      "Today+1T11:00",
      "Today+1T12:00",
      "Today+1T13:00",
      "Today+1T14:00",
      "Today+1T15:00",
      "Today+1T16:00",
      "Today+1T17:00",
      "Today+1T18:00",
      "Today+1T19:00",
      "Today+1T20:00",
      "Today+1T21:00",
      "Today+1T22:00",
      "Today+1T23:00",
      "Today+2T00:00",
      "Today+2T01:00",
      "Today+2T02:00",
      "Today+2T03:00",
      "Today+2T04:00",
      "Today+2T05:00",
      "Today+2T06:00",
      "Today+2T07:00",
      "Today+2T08:00",
      "Today+2T09:00",
      "Today+2T10:00",
      "Today+2T11:00",
      "Today+2T12:00",
      "Today+2T13:00",
      "Today+2T14:00",
      "Today+2T15:00",
      "Today+2T16:00",
      "Today+2T17:00",
      "Today+2T18:00",
      "Today+2T19:00",
      "Today+2T20:00",
      "Today+2T21:00",
      "Today+2T22:00",
      "Today+2T23:00",
      "Today+3T00:00",
      "Today+3T01:00",
      "Today+3T02:00",
      "Today+3T03:00",
      "Today+3T04:00",
      "Today+3T05:00",
      "Today+3T06:00",
      "Today+3T07:00",
      "Today+3T08:00",
      "Today+3T09:00",
      "Today+3T10:00",
      "Today+3T11:00",
      "Today+3T12:00",
      "Today+3T13:00",
      "Today+3T14:00",
      "Today+3T15:00",
      "Today+3T16:00",
      "Today+3T17:00",
      "Today+3T18:00",
      "Today+3T19:00",
      "Today+3T20:00",
      "Today+3T21:00",
      "Today+3T22:00",
      "Today+3T23:00",
      "Today+4T00:00",
      "Today+4T01:00",
      "Today+4T02:00",
      "Today+4T03:00",
      "Today+4T04:00",
      "Today+4T05:00",
      "Today+4T06:00",
      "Today+4T07:00",
      "Today+4T08:00",
      "Today+4T09:00",
      "Today+4T10:00",
      "Today+4T11:00",
      "Today+4T12:00",
      "Today+4T13:00",
      "Today+4T14:00",
      "Today+4T15:00",
      "Today+4T16:00",
      "Today+4T17:00",
      "Today+4T18:00",
      "Today+4T19:00",
      "Today+4T20:00",
      "Today+4T21:00",
      "Today+4T22:00",
      "Today+4T23:00",
      "Today+5T00:00",
      "Today+5T01:00",
      "Today+5T02:00",
      "Today+5T03:00",
      "Today+5T04:00",
      "Today+5T05:00",
      "Today+5T06:00",
      "Today+5T07:00",
      "Today+5T08:00",
      "Today+5T09:00",
      "Today+5T10:00",
      "Today+5T11:00",
      "Today+5T12:00",
      "Today+5T13:00",
      "Today+5T14:00",
      "Today+5T15:00",
      "Today+5T16:00",
      "Today+5T17:00",
      "Today+5T18:00",
      "Today+5T19:00",
      "Today+5T20:00",
      "Today+5T21:00",
      "Today+5T22:00",
      "Today+5T23:00",
      "Today+6T00:00",
      "Today+6T01:00",
      "Today+6T02:00",
      "Today+6T03:00",
      "Today+6T04:00",
      "Today+6T05:00",
      "Today+6T06:00",
      "Today+6T07:00",
      "Today+6T08:00",
      "Today+6T09:00",
      "Today+6T10:00",
      "Today+6T11:00",
      "Today+6T12:00",
      "Today+6T13:00",
      "Today+6T14:00",
      "Today+6T15:00",
      "Today+6T16:00",
      "Today+6T17:00",
      "Today+6T18:00",
      "Today+6T19:00",
      "Today+6T20:00",
      "Today+6T21:00",
      "Today+6T22:00",
      "Today+6T23:00"
    ],
    "temperature_2m": [
      1.5,
      1.5,
      1.4,
      1.1,
      1.2,
      1.1,
      1.1,
      1.3,
      1.3,
      1.4,
      1.4,
      1.7,
      2.1,
      2.1,
      1.8,
      1.6,
      0.7,
      -0.0,
      -0.6,
      -1.1,
      -1.4,
      -1.7,
      -1.5,
      -1.6,
      -1.7,
      -1.4,
      -1.0,
      -1.2,
      -1.3,
      -1.7,
      -2.1,
      -1.9,
      -1.0,
      -0.1,
      0.7,
      1.3,
      1.6,
      1.5,
      1.7,
      1.6,
      1.7,
      1.3,
      1.2,
      0.7,
      0.3,
      0.0,
      -0.9,
      -0.7,
      -0.9,
      -1.4,
      -1.9,
      -2.0,
      -2.2,
      -1.9,
      -1.5,
      -0.9,
      0.2,
      1.0,
      1.5,
      1.9,
      2.1,
      2.3,
      2.2,
      1.8,
      1.5,
      1.0,
      1.3,
      1.2,
      1.1,
      1.1,
      1.0,
      -1.7,
      -1.9,
      -2.2,
      -2.5,
      -2.7,
      -2.8,
      -2.9,
      -2.9,
      -2.6,
      -1.9,
      -1.1,
      -0.3,
      0.3,
      0.7,
      0.9,
      0.9,
      0.8,
      0.5,
      -0.1,
      -0.6,
      -1.0,
      -1.3,
      -1.6,
      -1.9,
      -2.0,
      -2.2,
      -2.4,
      -2.6,
      -2.7,
      -2.9,
      -3.1,
      -3.1,
      -2.9,
      -2.5,
      -2.0,
      -1.4,
      -0.8,
      -0.3,
      -0.0,
      0.1,
      0.0,
      -0.3,
      -0.8,
      -1.3,
      -1.7,
      -2.0,
      -2.2,
      -2.1,
      -1.8,
      -1.6,
      -1.4,
      -1.2,
      -1.1,
      -1.1,
      -1.3,
      -1.4,
      0.2,
      0.3,
      0.3,
      0.3,
      0.3,
      0.4,
      0.6,
      0.8,
      1.0,
      0.9,
      0.8,
      0.7,
      0.7,
      0.7,
      0.6,
      0.6,
      0.5,
      0.3,
      -0.0,
      -0.4,
      -0.8,
      -1.3,
      -1.9,
      -2.1,
      -1.6,
      -0.7,
      0.1,
      0.9,
      1.6,
      2.1,
      2.4,
      2.4,
      2.1,
      1.4,
      0.3,
      -0.5,
      -1.1,
      -1.4,
      -1.7,
      -1.9,
      -2.1
    ],
    "relative_humidity_2m": [
      92,
      90,
      90,
      91,
      92,
      93,
      92,
      92,
      92,
      92,
      92,
      93,
      92,
      89,
      90,
      91,
      91,
      90,
      90,
      90,
      89,
      89,
      88,
      88,
      86,
      85,
      84,
      85,
      88,
      89,
      91,
      93,
      89,
      90,
      90,
      88,
      89,
      92,
      93,
      93,
      94,
      95,
      95,
      96,
      94,
      93,
      94,
      90,
      91,
      89,
      88,
      87,
      85,
      89,
      91,
      90,
      90,
      90,
      91,
      90,
      89,
      88,
      88,
      89,
      90,
      92,
      91,
      92,
      91,
      91,
      90,
      93,
      91,
      91,
      90,
      90,
      90,
      90,
      89,
      88,
      85,
      83,
      81,
      79,
      78,
      78,
      78,
      78,
      79,
      80,
      81,
      81,
      81,
      81,
      81,
      80,
      80,
      81,
      81,
      82,
      82,
      82,
      82,
      81,
      80,
      78,
      76,
      74,
      73,
      72,
      71,
      71,
      71,
      72,
      73,
      74,
      74,
      74,
      73,
      71,
      70,
      68,
      67,
      68,
      73,
      81,
      86,
      75,
      80,
      84,
      87,
      90,
      91,
      91,
      90,
      89,
      90,
      91,
      92,
      92,
      92,
      92,
      92,
      92,
      92,
      92,
      93,
      93,
      93,
      94,
      93,
      90,
      87,
      82,
      76,
      69,
      64,
      62,
      63,
      65,
      69,
      75,
      80,
      82,
      83,
      84,
      85,
      85
    ],
    "apparent_temperature": [
      -1.2,
      -0.8,
      -1.1,
      -1.9,
      -1.8,
      -1.7,
      -1.3,
      -1.3,
      -1.1,
      -1.2,
      -1.0,
      -0.6,
      -0.3,
      -0.3,
      -0.4,
      -0.9,
      -1.8,
      -2.9,
      -4.1,
      -4.3,
      -4.6,
      -4.9,
      -4.6,
      -4.8,
      -4.6,
      -4.3,
      -3.9,
      -3.9,
      -3.9,
      -4.5,
      -5.2,
      -4.7,
      -4.0,
      -3.3,
      -2.8,
      -2.3,
      -2.0,
      -1.8,
      -1.7,
      -1.8,
      -1.6,
      -1.7,
      -1.5,
      -2.1,
      -2.7,
      -2.8,
      -3.9,
      -3.6,
      -4.1,
      -4.7,
      -5.2,
      -5.6,
      -5.4,
      -5.2,
      -4.8,
      -4.5,
      -3.6,
      -3.2,
      -2.3,
      -1.7,
      -1.5,
      -1.1,
      -1.3,
      -1.7,
      -2.4,
      -3.0,
      -2.8,
      -2.8,
      -3.0,
      -3.3,
      -3.7,
      -4.9,
      -5.3,
      -5.5,
      -6.0,
      -6.3,
      -6.5,
      -6.5,
      -6.5,
      -6.4,
      -5.9,
      -4.8,
      -3.9,
      -3.3,
      -3.0,
      -2.7,
      -2.7,
      -2.8,
      -3.2,
      -3.7,
      -4.3,
      -4.7,
      -5.1,
      -5.4,
      -5.6,
      -5.8,
      -6.0,
      -6.2,
      -6.4,
      -6.5,
      -6.7,
      -6.9,
      -6.9,
      -6.7,
      -6.2,
      -5.7,
      -5.1,
      -4.4,
      -3.9,
      -3.7,
      -3.7,
      -3.8,
      -4.2,
      -4.8,
      -5.4,
      -5.9,
      -6.3,
      -6.5,
      -6.4,
      -6.3,
      -6.1,
      -6.0,
      -5.9,
      -5.9,
      -5.9,
      -6.0,
      -6.2,
      -3.8,
      -3.5,
      -3.3,
      -3.3,
      -3.2,
      -3.1,
      -2.8,
      -2.5,
      -2.3,
      -2.4,
      -2.4,
      -2.5,
      -2.6,
      -2.5,
      -2.6,
      -2.7,
      -2.7,
      -3.0,
      -3.3,
      -3.7,
      -4.1,
      -4.7,
      -5.2,
      -5.5,
      -5.0,
      -4.1,
      -3.2,
      -2.5,
      -1.8,
      -1.3,
      -1.0,
      -0.9,
      -1.1,
      -1.8,
      -2.9,
      -3.8,
      -4.4,
      -4.9,
      -5.2,
      -5.4,
      -5.5
    ],
    "precipitation_probability": [
      58,
      40,
      21,
      3,
      2,
      1,
      0,
      0,
      0,
      0,
      0,
      0,
      0,
      0,
      0,
      0,
      0,
      0,
      0,
      0,
      0,
      0,
      0,
      0,
      0,
      0,
      0,
      0,
      0,
      0,
      0,
      1,
      2,
      3,
      5,
      8,
      10,
      15,
      21,
      26,
      33,
      41,
      48,
      54,
      59,
      65,
      63,
      60,
      58,
      62,
      67,
      71,
      56,
      41,
      26,
      25,
      24,
      23,
      23,
      23,
      23,
      21,
      18,
      16,
      17,
      18,
      19,
      18,
      17,
      16,
      21,
      27,
      32,
      36,
      41,
      45,
      45,
      45,
      45,
      45,
      45,
      45,
      42,
      38,
      35,
      32,
      29,
      26,
      23,
      19,
      16,
      16,
      16,
      16,
      16,
      16,
      16,
      13,
      9,
      6,
      6,
      6,
      6,
      5,
      4,
      3,
      4,
      5,
      6,
      7,
      9,
      10,
      9,
      7,
      6,
      9,
      13,
      16,
      17,
      18,
      19,
      22,
      26,
      29,
      32,
      36,
      39,
      40,
      41,
      42,
      42,
      42,
      42,
      46,
      51,
      55,
      56,
      57,
      58,
      58,
      58,
      58,
      56,
      54,
      52,
      52,
      52,
      52,
      52,
      52,
      52,
      51,
      49,
      48,
      47,
      46,
      45,
      44,
      43,
      42,
      42,
      42,
      42,
      42,
      42,
      42,
      42,
      42
    ],
    "precipitation": [
      0.00,
      0.00,
      0.00,
      0.00,
      0.00,
      0.30,
      0.00,
      0.00,
      0.00,
      0.00,
      0.00,
      0.00,
      0.00,
      0.00,
      0.00,
      0.00,
      0.00,
      0.00,
      0.00,
      0.00,
      0.00,
      0.00,
      0.00,
      0.00,
      0.00,
      0.00,
      0.00,
      0.00,
      0.00,
      0.00,
      0.00,
      0.00,
      0.00,
      0.00,
      0.00,
      0.00,
      0.10,
      0.00,
      0.00,
      0.10,
      0.10,
      0.00,
      0.00,
      0.00,
      0.00,
      0.00,
      0.00,
      0.00,
      0.00,
      0.00,
      0.00,
      0.00,
      0.00,
      0.00,
      0.10,
      0.00,
      0.00,
      0.00,
      0.00,
      0.00,
      0.00,
      0.00,
      0.00,
      0.00,
      0.00,
      0.00,
      0.10,
      0.10,
      0.00,
      0.10,
      0.00,
      0.00,
      0.00,
      0.00,
      0.00,
      0.00,
      0.00,
      0.00,
      0.00,
      0.00,
      0.00,
      0.00,
      0.00,
      0.00,
      0.00,
      0.00,
      0.00,
      0.00,
      0.00,
      0.00,
      0.00,
      0.00,
      0.00,
      0.00,
      0.00,
      0.00,
      0.00,
      0.00,
      0.00,
      0.00,
      0.00,
      0.00,
      0.00,
      0.00,
      0.00,
      0.00,
      0.00,
      0.00,
      0.00,
      0.00,
      0.00,
      0.00,
      0.00,
      0.00,
      0.00,
      0.00,
      0.00,
      0.00,
      0.00,
      0.00,
      0.00,
      0.00,
      0.00,
      0.00,
      0.10,
      0.10,
      0.10,
      0.00,
      0.00,
      0.00,
      0.30,
      0.30,
      0.30,
      0.10,
      0.10,
      0.10,
      0.00,
      0.00,
      0.00,
      0.00,
      0.00,
      0.00,
      0.00,
      0.00,
      0.00,
      0.00,
      0.00,
      0.00,
      0.00,
      0.00,
      0.00,
      0.00,
      0.00,
      0.00,
      0.00,
      0.00,
      0.00,
      0.00,
      0.00,
      0.00,
      0.00,
      0.00,
      0.00,
      0.00,
      0.00,
      0.00,
      0.00,
      0.00
    ],
    "weather_code": [
      3,
      3,
      3,
      3,
      3,
      51,
      3,
      3,
      3,
      3,
      3,
      3,
      3,
      3,
      3,
      3,
      2,
      2,
      2,
      2,
      2,
      2,
      2,
      3,
      3,
      3,
      3,
      3,
      3,
      3,
      3,
      3,
      3,
      3,
      3,
      3,
      51,
      3,
      3,
      51,
      51,
      3,
      3,
      3,
      3,
      3,
      2,
      2,
      2,
      1,
      1,
      1,
      3,
      3,
      71,
      3,
      3,
      3,
      3,
      3,
      3,
      3,
      3,
      3,
      3,
      3,
      51,
      51,
      3,
      51,
      3,
      0,
      1,
      0,
      0,
      0,
      0,
      0,
      0,
      0,
      1,
      2,
      1,
      1,
      2,
      0,
      0,
      0,
      0,
      0,
      0,
      0,
      0,
      0,
      0,
      0,
      0,
      0,
      0,
      0,
      0,
      0,
      0,
      2,
      2,
      2,
      3,
      3,
      3,
      3,
      3,
      3,
      2,
      2,
      2,
      2,
      2,
      2,
      3,
      3,
      3,
      3,
      3,
      3,
      71,
      71,
      71,
      3,
      3,
      3,
      71,
      71,
      71,
      3,
      3,
      3,
      3,
      3,
      3,
      3,
      3,
      3,
      2,
      2,
      2,
      1,
      1,
      1,
      0,
      0,
      0,
      0,
      0,
      0,
      1,
      1,
      1,
      3,
      3,
      3,
      3,
      3,
      3,
      3,
      3,
      3,
      3,
      3
    ],
    "wind_speed_10m": [
      4.0,
      1.1,
      2.9,
      5.4,
      6.1,
      4.3,
      2.2,
      3.6,
      2.5,
      3.6,
      2.2,
      1.8,
      2.9,
      2.9,
      0.7,
      2.9,
      2.2,
      3.6,
      7.2,
      5.0,
      4.0,
      4.7,
      4.0,
      4.0,
      2.2,
      1.8,
      1.8,
      0.7,
      0.7,
      1.8,
      3.6,
      2.2,
      3.2,
      5.8,
      8.6,
      9.7,
      9.7,
      8.6,
      9.4,
      9.7,
      9.0,
      6.8,
      4.0,
      5.0,
      5.8,
      3.6,
      4.0,
      2.9,
      5.0,
      5.0,
      4.3,
      6.5,
      3.6,
      4.3,
      5.4,
      7.9,
      10.1,
      13.7,
      11.5,
      10.1,
      10.4,
      9.7,
      9.7,
      10.1,
      11.9,
      13.0,
      13.0,
      13.3,
      13.7,
      15.1,
      16.9,
      4.7,
      5.5,
      5.2,
      5.5,
      6.3,
      6.6,
      5.9,
      6.3,
      7.4,
      8.4,
      7.6,
      6.9,
      7.2,
      7.6,
      7.6,
      7.6,
      7.6,
      7.6,
      7.4,
      7.5,
      7.5,
      7.1,
      7.0,
      6.6,
      6.7,
      6.5,
      6.5,
      6.4,
      6.4,
      6.4,
      6.4,
      6.4,
      6.3,
      5.9,
      5.9,
      5.8,
      5.8,
      6.1,
      6.5,
      6.8,
      7.2,
      7.7,
      8.1,
      8.7,
      9.1,
      9.1,
      9.4,
      9.8,
      10.4,
      11.0,
      11.7,
      12.0,
      12.6,
      13.3,
      14.1,
      14.9,
      9.4,
      8.6,
      8.3,
      8.3,
      8.3,
      8.3,
      7.9,
      7.6,
      7.2,
      7.2,
      7.2,
      7.2,
      7.2,
      6.9,
      6.9,
      7.0,
      6.6,
      6.7,
      6.4,
      6.4,
      6.2,
      6.0,
      5.7,
      5.6,
      5.9,
      5.6,
      5.6,
      5.6,
      5.5,
      5.3,
      4.8,
      4.2,
      3.9,
      3.8,
      4.1,
      4.5,
      4.8,
      5.2,
      5.2,
      5.2,
      4.5
    ],
    "wind_gusts_10m": [
      8.6,
      5.4,
      4.0,
      7.2,
      8.6,
      8.6,
      4.0,
      6.1,
      5.4,
      5.4,
      5.0,
      4.3,
      4.7,
      5.4,
      4.7,
      5.0,
      4.7,
      5.4,
      10.1,
      9.7,
      6.8,
      6.5,
      6.5,
      5.4,
      5.0,
      3.2,
      3.2,
      3.2,
      1.8,
      3.2,
      5.8,
      5.8,
      4.7,
      8.3,
      12.6,
      14.0,
      16.2,
      14.4,
      14.0,
      14.8,
      14.8,
      13.0,
      9.4,
      7.2,
      7.6,
      7.6,
      9.0,
      5.8,
      7.9,
      6.5,
      6.5,
      8.3,
      8.3,
      5.8,
      7.2,
      10.8,
      14.8,
      20.2,
      19.8,
      16.9,
      15.5,
      15.8,
      14.4,
      15.1,
      17.6,
      18.7,
      19.1,
      20.2,
      20.2,
      22.3,
      25.2,
      9.4,
      9.7,
      9.7,
      10.4,
      11.9,
      12.6,
      12.2,
      11.2,
      13.3,
      14.8,
      14.8,
      13.7,
      12.6,
      12.6,
      12.2,
      12.2,
      11.9,
      12.6,
      13.0,
      13.7,
      13.3,
      13.0,
      12.6,
      12.2,
      12.2,
      11.9,
      12.2,
      12.2,
      12.6,
      12.6,
      13.0,
      13.0,
      12.6,
      12.6,
      12.2,
      11.9,
      11.9,
      11.5,
      12.2,
      12.6,
      13.3,
      14.0,
      14.4,
      15.1,
      15.8,
      16.6,
      17.3,
      18.4,
      19.8,
      20.9,
      22.7,
      24.1,
      25.9,
      27.7,
      29.5,
      31.3,
      16.2,
      16.2,
      16.2,
      15.5,
      15.1,
      14.4,
      13.7,
      13.0,
      12.2,
      11.9,
      11.2,
      10.8,
      10.4,
      10.4,
      10.1,
      10.1,
      9.7,
      9.7,
      9.7,
      9.4,
      9.4,
      9.4,
      9.4,
      9.4,
      9.7,
      10.1,
      10.4,
      10.8,
      10.8,
      11.2,
      10.1,
      9.0,
      7.9,
      7.6,
      7.6,
      7.2,
      7.6,
      7.9,
      8.3,
      8.6,
      8.6
    ]
  }
}
