{
  "latitude": 52.25,
  "longitude": -7.15,
  "generationtime_ms": 0.4659891128540039,
  "utc_offset_seconds": 0,
  "timezone": "GMT",
  "timezone_abbreviation": "GMT",
  "elevation": 40.0,
  "daily_units": {
    "time": "iso8601",
    "weather_code": "wmo code",
    "temperature_2m_max": "°C",
    "temperature_2m_min": "°C",
    "apparent_temperature_max": "°C",
    "apparent_temperature_min": "°C",
    "sunrise": "iso8601",
    "sunset": "iso8601",
    "precipitation_hours": "h",
    "precipitation_probability_max": "%",
    "wind_speed_10m_max": "km/h",
    "wind_gusts_10m_max": "km/h",
    "wind_direction_10m_dominant": "°"
  },
  "daily": {
    "time": [
      "Today",
      "Today+1",
      "Today+2",
      "Today+3",
      "Today+4",
      "Today+5",
      "Today+6"
    ],
    "weather_code": [
      3,
      3,
      55,
      51,
      61,
      61,
      3
    ],
    "temperature_2m_max": [
      9.0,
      9.0,
      8.0,
      7.9,
      9.0,
      9.5,
      10.7
    ],
    "temperature_2m_min": [
      7.1,
      6.3,
      5.9,
      4.9,
      4.6,
      5.6,
      4.1
    ],
    "apparent_temperature_max": [
      5.1,
      3.3,
      3.6,
      3.8,
      6.5,
      6.8,
      7.0
    ],
    "apparent_temperature_min": [
      2.4,
      1.1,
      1.0,
      0.4,
      1.2,
      2.3,
      1.6
    ],
    "sunrise": [
      "TodayT06:59",
      "Today+1T06:57",
      "Today+2T06:55",
      "Today+3T06:52",
      "Today+4T06:50",
      "Today+5T06:48",
      "Today+6T06:46"
    ],
    "sunset": [
      "TodayT18:19",
      "Today+1T18:21",
      "Today+2T18:22",
      "Today+3T18:24",
      "Today+4T18:26",
      "Today+5T18:28",
      "Today+6T18:29"
    ],
    "precipitation_hours": [
      0.0,
      0.0,
      8.0,
      4.0,
      2.0,
      10.0,
      0.0
    ],
    "precipitation_probability_max": [
      45,
      58,
      77,
      58,
      35,
      48,
      61
    ],
    "wind_speed_10m_max": [
      30.5,
      29.9,
      30.1,
      26.0,
      15.5,
      25.1,
      28.7
    ],
    "wind_gusts_10m_max": [
      55.1,
      53.3,
      55.8,
      41.0,
      22.7,
      41.8,
      47.5
    ],
    "wind_direction_10m_dominant": [
      111,
      87,
      61,
      29,
      6,
      162,
      277
    ]
  }
}
