{
  "latitude": 52.25,
  "longitude": -7.15,
  "generationtime_ms": 2.7979612350463867,
  "utc_offset_seconds": 0,
  "timezone": "GMT",
  "timezone_abbreviation": "GMT",
  "elevation": 40.0,
  "hourly_units": {
    "time": "iso8601",
    "temperature_2m": "°C",
    "relative_humidity_2m": "%",
    "apparent_temperature": "°C",
    "precipitation_probability": "%",
    "precipitation": "mm",
    "weather_code": "wmo code",
    "wind_speed_10m": "km/h",
    "wind_gusts_10m": "km/h"
  },
  "hourly": {
    "time": [
      "TodayT00:00",
      "TodayT01:00",
      "TodayT02:00",
      "TodayT03:00",
      "TodayT04:00",
      "TodayT05:00",
      "TodayT06:00",
      "TodayT07:00",
      "TodayT08:00",
      "TodayT09:00",
      "TodayT10:00",
      "TodayT11:00",
      "TodayT12:00",
      "TodayT13:00",
      "TodayT14:00",
      "TodayT15:00",
      "TodayT16:00",
      "TodayT17:00",
      "TodayT18:00",
      "TodayT19:00",
      "TodayT20:00",
      "TodayT21:00",
      "TodayT22:00",
      "TodayT23:00",
      "Today+1T00:00",
      "Today+1T01:00",
      "Today+1T02:00",
      "Today+1T03:00",
      "Today+1T04:00",
      "Today+1T05:00",
      "Today+1T06:00",
      "Today+1T07:00",
      "Today+1T08:00",
      "Today+1T09:00",
      "Today+1T10:00",
      "Today+1T11:00",
      "Today+1T12:00",
      "Today+1T13:00",
      "Today+1T14:00",
      "Today+1T15:00",
      "Today+1T16:00",
      "Today+1T17:00",
      "Today+1T18:00",
      "Today+1T19:00",
      "Today+1T20:00",
      "Today+1T21:00",
      "Today+1T22:00",
      "Today+1T23:00",
      "Today+2T00:00",
      "Today+2T01:00",
      "Today+2T02:00",
      "Today+2T03:00",
      "Today+2T04:00",
      "Today+2T05:00",
      "Today+2T06:00",
      "Today+2T07:00",
      "Today+2T08:00",
      "Today+2T09:00",
      "Today+2T10:00",
      "Today+2T11:00",
      "Today+2T12:00",
      "Today+2T13:00",
      "Today+2T14:00",
      "Today+2T15:00",
      "Today+2T16:00",
      "Today+2T17:00",
      "Today+2T18:00",
      "Today+2T19:00",
      "Today+2T20:00",
      "Today+2T21:00",
      "Today+2T22:00",
      "Today+2T23:00",
      "Today+3T00:00",
      "Today+3T01:00",
      "Today+3T02:00",
      "Today+3T03:00",
      "Today+3T04:00",
      "Today+3T05:00",
      "Today+3T06:00",
      "Today+3T07:00",
      "Today+3T08:00",
      "Today+3T09:00",
      "Today+3T10:00",
      "Today+3T11:00",
      "Today+3T12:00",
      "Today+3T13:00",
      "Today+3T14:00",
      "Today+3T15:00",
      "Today+3T16:00",
      "Today+3T17:00",
      "Today+3T18:00",
      "Today+3T19:00",
      "Today+3T20:00",
      "Today+3T21:00",
      "Today+3T22:00",
      "Today+3T23:00",
      "Today+4T00:00",
      "Today+4T01:00",
      "Today+4T02:00",
      "Today+4T03:00",
      "Today+4T04:00",
      "Today+4T05:00",
      "Today+4T06:00",
      "Today+4T07:00",
      "Today+4T08:00",
      "Today+4T09:00",
      "Today+4T10:00",
      "Today+4T11:00",
      "Today+4T12:00",
      "Today+4T13:00",
      "Today+4T14:00",
      "Today+4T15:00",
      "Today+4T16:00",
      "Today+4T17:00",
      "Today+4T18:00",
      "Today+4T19:00",
      "Today+4T20:00",
      "Today+4T21:00",
      "Today+4T22:00",
      "Today+4T23:00",
      "Today+5T00:00",
      "Today+5T01:00",
      "Today+5T02:00",
      "Today+5T03:00",
      "Today+5T04:00",
      "Today+5T05:00",
      "Today+5T06:00",
      "Today+5T07:00",
      "Today+5T08:00",
      "Today+5T09:00",
      "Today+5T10:00",
      "Today+5T11:00",
      "Today+5T12:00",
      "Today+5T13:00",
      "Today+5T14:00",
      "Today+5T15:00",
      "Today+5T16:00",
      "Today+5T17:00",
      "Today+5T18:00",
      "Today+5T19:00",
      "Today+5T20:00",
      "Today+5T21:00",
      "Today+5T22:00",
      "Today+5T23:00",
      "Today+6T00:00",
      "Today+6T01:00",
      "Today+6T02:00",
      "Today+6T03:00",
      "Today+6T04:00",
      "Today+6T05:00",
      "Today+6T06:00",
      "Today+6T07:00",
      "Today+6T08:00",
      "Today+6T09:00",
      "Today+6T10:00",
      "Today+6T11:00",
      "Today+6T12:00",
      "Today+6T13:00",
      "Today+6T14:00",
      "Today+6T15:00",
      "Today+6T16:00",
      "Today+6T17:00",
      "Today+6T18:00",
      "Today+6T19:00",
      "Today+6T20:00",
      "Today+6T21:00",
      "Today+6T22:00",
      "Today+6T23:00"
    ],
    "temperature_2m": [
      8.7,
      8.8,
      9.0,
      8.4,
      8.5,
      8.4,
      7.9,
      8.2,
      8.0,
      8.1,
      8.2,
      8.5,
      8.6,
      8.7,
      8.7,
      8.6,
      8.7,
      8.4,
      7.9,
      7.1,
      7.1,
      7.1,
      7.2,
      7.6,
      7.9,
      7.8,
      7.5,
      7.0,
      6.6,
      6.6,
      6.3,
      6.3,
      6.4,
      6.7,
      7.4,
      8.0,
      8.4,
      8.8,
      8.8,
      9.0,
      8.6,
      8.3,
      8.1,
      8.0,
      8.0,
      8.2,
      8.5,
      8.4,
      8.0,
      7.8,
      7.1,
      6.8,
      6.6,
      6.5,
      6.5,
      6.6,
      6.8,
      7.1,
      7.3,
      7.1,
      7.1,
      7.5,
      7.7,
      7.4,
      7.6,
      7.9,
      7.3,
      6.7,
      6.4,
      6.3,
      6.1,
      5.9,
      5.9,
      5.9,
      5.8,
      5.6,
      5.4,
      5.3,
      5.5,
      5.4,
      5.5,
      6.1,
      6.9,
      7.2,
      7.3,
      7.7,
      7.9,
      7.6,
      7.9,
      7.7,
      7.1,
      6.5,
      6.0,
      5.7,
      5.3,
      4.9,
      4.9,
      4.8,
      4.8,
      4.7,
      4.7,
      4.7,
      4.6,
      4.7,
      5.2,
      5.8,
      6.7,
      7.6,
      9.0,
      9.0,
      8.9,
      8.6,
      8.1,
      7.6,
      7.0,
      6.6,
      6.1,
      5.8,
      5.8,
      5.8,
      5.9,
      5.8,
      5.8,
      5.7,
      5.7,
      5.6,
      5.6,
      6.7,
      7.3,
      7.9,
      8.5,
      9.1,
      9.4,
      9.5,
      9.5,
      9.3,
      9.0,
      8.6,
      8.4,
      8.3,
      8.3,
      8.4,
      8.7,
      9.0,
      9.1,
      9.1,
      9.0,
      8.7,
      8.1,
      7.5,
      7.0,
      6.7,
      6.6,
      6.8,
      7.6,
      8.6,
      9.5,
      10.1,
      10.6,
      10.7,
      10.4,
      9.7,
      8.8,
      7.5,
      6.0,
      4.8,
      4.3,
      4.1
    ],
    "relative_humidity_2m": [
      95,
      95,
      91,
      92,
      87,
      90,
      93,
      88,
      85,
      85,
      83,
      81,
      78,
      75,
      73,
      69,
      67,
      65,
      70,
      73,
      73,
      82,
      82,
      81,
      79,
      77,
      76,
      80,
      80,
      78,
      79,
      78,
      78,
      77,
      74,
      71,
      69,
      67,
      67,
      68,
      70,
      72,
      72,
      73,
      73,
      73,
      73,
      72,
      72,
      73,
      79,
      78,
      81,
      84,
      89,
      90,
      89,
      89,
      90,
      91,
      90,
      90,
      92,
      93,
      92,
      90,
      89,
      90,
      93,
      93,
      93,
      93,
      93,
      91,
      89,
      89,
      88,
      87,
      86,
      86,
      86,
      85,
      84,
      84,
      84,
      84,
      85,
      85,
      83,
      82,
      84,
      86,
      87,
      86,
      88,
      92,
      94,
      95,
      96,
      97,
      98,
      98,
      98,
      98,
      98,
      96,
      94,
      90,
      85,
      71,
      72,
      73,
      75,
      78,
      81,
      82,
      82,
      83,
      84,
      85,
      86,
      87,
      87,
      87,
      87,
      87,
      87,
      94,
      94,
      94,
      91,
      86,
      83,
      84,
      86,
      88,
      88,
      88,
      88,
      88,
      88,
      89,
      92,
      96,
      98,
      97,
      95,
      92,
      87,
      82,
      78,
      78,
      79,
      79,
      76,
      71,
      67,
      65,
      64,
      65,
      68,
      73,
      78,
      83,
      87,
      91,
      93,
      94
    ],
    "apparent_temperature": [
      4.6,
      5.1,
      4.4,
      4.2,
      4.2,
      4.0,
      3.6,
      3.6,
      2.9,
      3.5,
      3.0,
      3.4,
      3.1,
      3.0,
      2.9,
      2.7,
      3.0,
      2.5,
      3.1,
      2.6,
      2.6,
      2.5,
      2.4,
      2.6,
      3.1,
      2.8,
      2.1,
      1.9,
      1.6,
      1.5,
      1.4,
      1.2,
      1.1,
      1.2,
      1.9,
      2.3,
      2.6,
      2.8,
      3.1,
      3.3,
      3.1,
      2.7,
      2.7,
      2.7,
      2.9,
      2.7,
      2.9,
      2.7,
      2.1,
      2.3,
      1.8,
      1.0,
      1.2,
      1.3,
      1.4,
      1.6,
      1.7,
      1.9,
      2.2,
      2.7,
      3.0,
      2.5,
      3.0,
      3.1,
      3.4,
      3.6,
      3.0,
      2.4,
      2.1,
      1.7,
      1.4,
      1.0,
      0.8,
      0.8,
      0.7,
      0.8,
      0.6,
      0.4,
      0.7,
      0.6,
      0.7,
      1.0,
      1.9,
      2.5,
      3.0,
      3.6,
      3.8,
      3.2,
      3.7,
      3.6,
      3.4,
      3.0,
      2.5,
      2.0,
      1.9,
      1.5,
      1.3,
      1.3,
      1.2,
      1.2,
      1.3,
      1.4,
      1.2,
      1.5,
      2.2,
      2.7,
      3.8,
      4.8,
      6.5,
      6.1,
      6.0,
      5.6,
      5.3,
      4.8,
      4.3,
      3.9,
      3.4,
      3.1,
      3.1,
      3.2,
      3.2,
      3.1,
      3.0,
      2.9,
      2.7,
      2.5,
      2.3,
      5.3,
      6.1,
      6.5,
      6.5,
      6.1,
      5.8,
      5.8,
      5.8,
      5.8,
      5.4,
      4.9,
      4.5,
      4.1,
      3.8,
      4.0,
      5.3,
      6.8,
      7.0,
      6.7,
      6.3,
      5.6,
      4.3,
      2.7,
      1.6,
      1.6,
      2.1,
      2.6,
      3.0,
      3.4,
      3.9,
      4.6,
      5.5,
      6.1,
      6.5,
      6.6,
      6.3,
      5.2,
      3.6,
      2.3,
      1.8,
      1.6
    ],
    "precipitation_probability": [
      0,
      3,
      7,
      10,
      8,
      5,
      3,
      2,
      1,
      0,
      4,
      9,
      13,
      12,
      11,
      10,
      10,
      10,
      10,
      13,
      16,
      19,
      32,
      45,
      58,
      53,
      47,
      42,
      29,
      16,
      3,
      2,
      1,
      0,
      0,
      0,
      0,
      0,
      0,
      0,
      0,
      0,
      0,
      0,
      0,
      0,
      0,
      0,
      0,
      4,
      9,
      13,
      27,
      41,
      55,
      58,
      62,
      65,
      69,
      73,
      77,
      76,
      75,
      74,
      72,
      70,
      68,
      65,
      61,
      58,
      56,
      54,
      52,
      53,
      54,
      55,
      53,
      50,
      48,
      48,
      48,
      48,
      51,
      55,
      58,
      58,
      58,
      58,
      55,
      51,
      48,
      41,
      33,
      26,
      22,
      17,
      13,
      15,
      17,
      19,
      17,
      15,
      13,
      14,
      15,
      16,
      22,
      29,
      35,
      34,
      33,
      32,
      33,
      34,
      35,
      27,
      18,
      10,
      12,
      14,
      16,
      16,
      16,
      16,
      17,
      18,
      19,
      19,
      19,
      19,
      26,
      32,
      39,
      40,
      41,
      42,
      44,
      46,
      48,
      40,
      31,
      23,
      26,
      29,
      32,
      33,
      34,
      35,
      35,
      35,
      35,
      35,
      35,
      35,
      38,
      42,
      45,
      50,
      56,
      61,
      52,
      44,
      35,
      30,
      24,
      19,
      19,
      19
    ],
    "precipitation": [
      0.00,
      0.00,
      0.00,
      0.00,
      0.00,
      0.00,
      0.00,
      0.00,
      0.00,
      0.00,
      0.00,
      0.00,
      0.00,
      0.00,
      0.00,
      0.00,
      0.00,
      0.00,
      0.00,
      0.00,
      0.00,
      0.00,
      0.00,
      0.00,
      0.00,
      0.00,
      0.00,
      0.00,
      0.00,
      0.00,
      0.00,
      0.00,
      0.00,
      0.00,
      0.00,
      0.00,
      0.00,
      0.00,
      0.00,
      0.00,
      0.00,
      0.00,
      0.00,
      0.00,
      0.00,
      0.00,
      0.00,
      0.00,
      0.00,
      0.00,
      0.00,
      0.00,
      0.00,
      0.00,
      0.20,
      0.10,
      0.00,
      0.00,
      0.80,
      1.10,
      0.10,
      0.10,
      0.40,
      0.30,
      0.00,
      0.00,
      0.00,
      0.00,
      0.00,
      0.00,
      0.00,
      0.00,
      0.00,
      0.00,
      0.00,
      0.00,
      0.00,
      0.00,
      0.00,
      0.00,
      0.00,
      0.00,
      0.00,
      0.10,
      0.10,
      0.00,
      0.20,
      0.10,
      0.00,
      0.00,
      0.00,
      0.00,
      0.00,
      0.00,
      0.00,
      0.00,
      0.00,
      0.00,
      0.00,
      0.00,
      0.00,
      0.00,
      0.00,
      0.00,
      0.00,
      0.00,
      0.00,
      0.00,
      0.00,
      0.00,
      0.00,
      0.00,
      0.00,
      0.00,
      0.00,
      0.00,
      0.00,
      0.00,
      0.10,
      0.10,
      0.10,
      0.20,
      0.20,
      0.20,
      0.20,
      0.20,
      0.20,
      0.00,
      0.00,
      0.00,
      0.00,
      0.00,
      0.00,
      0.00,
      0.00,
      0.00,
      0.00,
      0.00,
      0.00,
      0.10,
      0.10,
      0.10,
      0.00,
      0.00,
      0.00,
      0.00,
      0.00,
      0.00,
      0.00,
      0.00,
      0.00,
      0.00,
      0.00,
      0.00,
      0.00,
      0.00,
      0.00,
      0.00,
      0.00,
      0.00,
      0.00,
      0.00,
      0.00,
      0.00,
      0.00,
      0.00,
      0.00,
      0.00
    ],
    "weather_code": [
      3,
      3,
      3,
      3,
      3,
      3,
      3,
      3,
      3,
      3,
      3,
      3,
      3,
      2,
      3,
      2,
      1,
      0,
      0,
      1,
      0,
      0,
      0,
      3,
      3,
      3,
      3,
      3,
      3,
      3,
      3,
      3,
      3,
      3,
      3,
      3,
      3,
      3,
      3,
      3,
      3,
      3,
      3,
      3,
      3,
      3,
      3,
      3,
      3,
      3,
      3,
      3,
      3,
      3,
      51,
      51,
      3,
      3,
      53,
      55,
      51,
      51,
      51,
      51,
      1,
      2,
      2,
      2,
      2,
      3,
      3,
      3,
      3,
      3,
      3,
      3,
      3,
      3,
      3,
      3,
      3,
      3,
      3,
      51,
      51,
      3,
      51,
      51,
      2,
      3,
      3,
      2,
      3,
      2,
      3,
      3,
      3,
      3,
      2,
      2,
      2,
      3,
      3,
      3,
      3,
      3,
      3,
      1,
      1,
      3,
      3,
      3,
      3,
      3,
      3,
      3,
      3,
      3,
      61,
      61,
      61,
      61,
      61,
      61,
      61,
      61,
      61,
      3,
      3,
      3,
      3,
      3,
      3,
      3,
      3,
      3,
      3,
      3,
      3,
      3,
      3,
      3,
      3,
      3,
      3,
      3,
      3,
      3,
      3,
      3,
      3,
      3,
      3,
      3,
      1,
      1,
      1,
      2,
      2,
      2,
      0,
      0,
      0,
      2,
      2,
      2,
      2,
      2
    ],
    "wind_speed_10m": [
      24.5,
      21.7,
      27.0,
      23.8,
      23.5,
      24.3,
      24.2,
      25.0,
      27.6,
      24.3,
      28.1,
      27.6,
      29.3,
      30.5,
      29.8,
      29.5,
      28.0,
      28.6,
      22.1,
      19.8,
      19.4,
      22.0,
      23.8,
      25.2,
      24.2,
      24.7,
      27.1,
      24.7,
      23.9,
      23.9,
      22.7,
      23.4,
      25.2,
      27.0,
      26.6,
      27.7,
      29.2,
      29.9,
      28.1,
      28.5,
      27.4,
      27.7,
      26.6,
      25.5,
      24.9,
      27.5,
      28.4,
      29.4,
      30.1,
      27.0,
      26.0,
      29.2,
      26.7,
      26.1,
      26.1,
      26.2,
      27.2,
      28.3,
      27.9,
      23.0,
      20.6,
      27.9,
      25.7,
      23.1,
      23.0,
      22.7,
      22.4,
      21.7,
      21.9,
      23.2,
      24.0,
      25.3,
      26.0,
      25.9,
      25.4,
      23.2,
      22.6,
      22.9,
      22.1,
      22.2,
      22.4,
      24.6,
      25.5,
      23.0,
      20.9,
      20.3,
      20.7,
      21.7,
      20.5,
      19.1,
      16.5,
      14.2,
      14.2,
      15.0,
      13.3,
      13.5,
      15.5,
      14.5,
      15.0,
      15.1,
      14.2,
      13.5,
      13.7,
      12.7,
      12.1,
      13.1,
      12.9,
      12.8,
      12.6,
      10.6,
      10.5,
      10.5,
      10.0,
      9.4,
      8.7,
      8.3,
      7.9,
      7.8,
      7.9,
      7.7,
      8.0,
      8.7,
      9.2,
      9.7,
      10.5,
      11.6,
      12.7,
      2.2,
      2.5,
      4.3,
      9.0,
      15.1,
      19.5,
      20.5,
      20.2,
      19.8,
      19.8,
      20.2,
      20.6,
      22.6,
      25.1,
      25.0,
      18.9,
      11.8,
      12.4,
      14.2,
      15.3,
      16.5,
      19.6,
      23.8,
      26.6,
      24.3,
      20.2,
      18.3,
      21.0,
      25.6,
      28.7,
      28.0,
      25.4,
      22.3,
      18.2,
      13.4,
      9.5,
      7.5,
      6.9,
      6.8,
      6.5,
      6.5
    ],
    "wind_gusts_10m": [
      45.4,
      44.6,
      50.4,
      48.6,
      43.6,
      45.0,
      45.7,
      47.2,
      53.3,
      55.1,
      49.3,
      50.0,
      52.6,
      54.0,
      54.4,
      54.0,
      51.8,
      51.5,
      50.8,
      38.9,
      35.6,
      38.5,
      42.1,
      46.4,
      45.4,
      46.4,
      48.6,
      50.0,
      43.9,
      45.7,
      43.2,
      41.8,
      45.4,
      48.2,
      48.2,
      49.7,
      52.2,
      53.3,
      53.3,
      50.4,
      50.4,
      50.0,
      49.7,
      48.2,
      46.8,
      50.0,
      51.5,
      53.3,
      55.8,
      54.0,
      49.0,
      52.9,
      53.3,
      50.0,
      49.3,
      47.9,
      50.4,
      51.8,
      50.8,
      49.3,
      40.7,
      45.0,
      43.9,
      40.7,
      36.4,
      36.4,
      36.0,
      34.9,
      33.8,
      36.0,
      37.4,
      39.6,
      40.7,
      40.7,
      40.3,
      39.2,
      36.0,
      35.6,
      35.3,
      34.6,
      34.9,
      38.5,
      41.0,
      40.7,
      36.4,
      32.8,
      32.8,
      34.6,
      33.8,
      32.4,
      29.5,
      24.5,
      20.9,
      22.3,
      22.0,
      18.7,
      22.3,
      22.3,
      21.6,
      22.3,
      22.0,
      20.2,
      19.4,
      19.4,
      18.0,
      19.8,
      20.9,
      20.9,
      22.7,
      18.4,
      17.6,
      17.3,
      16.6,
      16.2,
      15.5,
      14.4,
      13.3,
      12.2,
      12.6,
      13.0,
      13.3,
      14.0,
      14.4,
      15.1,
      16.9,
      18.4,
      20.2,
      5.0,
      6.1,
      6.8,
      15.1,
      23.4,
      31.7,
      32.4,
      33.1,
      33.8,
      33.5,
      33.5,
      33.1,
      36.0,
      38.9,
      41.8,
      34.6,
      27.0,
      19.8,
      22.3,
      24.8,
      27.4,
      32.8,
      38.2,
      43.6,
      38.9,
      33.8,
      29.2,
      35.3,
      41.4,
      47.5,
      44.6,
      41.8,
      38.9,
      33.8,
      29.2,
      24.1,
      19.4,
      15.1,
      10.4,
      10.1,
      10.1
    ]
  }
}
